order_id,order_date,status,fulfilment,category,quantity,amount,ship_state,normalized_amount
405-8078784-5731545,2022-04-30,Cancelled,Merchant,Set,0,647.62,MAHARASHTRA,0.29119604316546766
171-9198151-1101146,2022-04-30,Shipped - Delivered to Buyer,Merchant,kurta,1,406.0,KARNATAKA,0.18255395683453238
404-0687676-7273146,2022-04-30,Shipped,Amazon,kurta,1,329.0,MAHARASHTRA,0.147931654676259
403-9615377-8133951,2022-04-30,Cancelled,Merchant,Western Dress,0,753.33,PUDUCHERRY,0.3387275179856115
407-1069790-7240320,2022-04-30,Shipped,Amazon,Top,1,574.0,TAMIL NADU,0.2580935251798561
404-1490984-4578765,2022-04-30,Shipped,Amazon,Set,1,824.0,UTTAR PRADESH,0.37050359712230213
408-5748499-6859555,2022-04-30,Shipped,Amazon,Set,1,653.0,CHANDIGARH,0.29361510791366907
406-7807733-3785945,2022-04-30,Shipped - Delivered to Buyer,Merchant,kurta,1,399.0,TELANGANA,0.17940647482014388
407-5443024-5233168,2022-04-30,Cancelled,Amazon,Set,0,0.0,TELANGANA,0.0
402-4393761-0311520,2022-04-30,Shipped,Amazon,kurta,1,363.0,TAMIL NADU,0.16321942446043167
407-5633625-6970741,2022-04-30,Shipped,Amazon,kurta,1,685.0,TAMIL NADU,0.30800359712230213
171-4638481-6326716,2022-04-30,Shipped,Amazon,kurta,1,364.0,UTTAR PRADESH,0.16366906474820145
405-5513694-8146768,2022-04-30,Shipped - Delivered to Buyer,Merchant,kurta,1,399.0,MAHARASHTRA,0.17940647482014388
408-7955685-3083534,2022-04-30,Shipped,Amazon,Set,1,657.0,MAHARASHTRA,0.2954136690647482
408-1298370-1920302,2022-04-30,Shipped - Delivered to Buyer,Merchant,Set,1,771.0,MAHARASHTRA,0.3466726618705036
403-4965581-9520319,2022-04-30,Shipped - Delivered to Buyer,Merchant,kurta,1,544.0,ANDHRA PRADESH,0.2446043165467626
406-9379318-6555504,2022-04-30,Shipped,Amazon,kurta,1,329.0,RAJASTHAN,0.147931654676259
405-9013803-8009918,2022-04-30,Shipped,Amazon,kurta,1,399.0,DELHI,0.17940647482014388
402-4030358-5835511,2022-04-30,Shipped - Delivered to Buyer,Merchant,kurta,1,458.0,HARYANA,0.20593525179856115
405-5957858-1051546,2022-04-30,Shipped,Amazon,Set,1,886.0,KARNATAKA,0.3983812949640288
405-0607769-0716360,2022-04-30,Shipped,Amazon,kurta,1,517.0,TAMIL NADU,0.23246402877697842
404-8494550-5860325,2022-04-30,Shipped,Amazon,Set,1,666.0,KARNATAKA,0.2994604316546763
171-1305077-2813934,2022-04-30,Shipped,Amazon,kurta,1,376.0,TELANGANA,0.16906474820143885
404-6019946-2909948,2022-04-30,Cancelled,Merchant,Set,0,570.48,MAHARASHTRA,0.25651079136690647
402-3384087-4005164,2022-04-30,Shipped,Amazon,kurta,1,499.0,ASSAM,0.2243705035971223
405-8191138-5176316,2022-04-30,Shipped - Delivered to Buyer,Merchant,Set,1,582.0,JHARKHAND,0.26169064748201437
403-9230474-9657916,2022-04-30,Shipped - Delivered to Buyer,Merchant,kurta,1,299.0,CHHATTISGARH,0.13444244604316546
408-3484251-6901959,2022-04-30,Shipped,Amazon,kurta,1,459.0,MAHARASHTRA,0.20638489208633093
405-7755803-4729935,2022-04-30,Shipped,Amazon,kurta,1,399.0,KARNATAKA,0.17940647482014388
404-5933402-8801952,2022-04-30,Cancelled,Merchant,kurta,0,0.0,ASSAM,0.0
171-9040274-9291563,2022-04-30,Shipped,Amazon,Western Dress,1,791.0,TAMIL NADU,0.3556654676258993
403-7056319-0979561,2022-04-30,Shipped,Amazon,kurta,1,499.0,UTTAR PRADESH,0.2243705035971223
404-9632124-1107550,2022-04-30,Shipped - Delivered to Buyer,Merchant,Set,1,1233.0,ANDHRA PRADESH,0.5544064748201439
402-1465437-0579556,2022-04-30,Shipped - Delivered to Buyer,Merchant,kurta,1,517.0,ODISHA,0.23246402877697842
404-7774085-3780319,2022-04-30,Shipped,Amazon,kurta,1,376.0,TELANGANA,0.16906474820143885
402-2764952-1492318,2022-04-30,Shipped - Delivered to Buyer,Merchant,kurta,1,499.0,UTTAR PRADESH,0.2243705035971223
406-0272200-7784379,2022-04-30,Shipped,Amazon,Set,1,666.0,TAMIL NADU,0.2994604316546763
403-4367956-2849158,2022-04-30,Shipped,Amazon,kurta,1,487.0,DELHI,0.2189748201438849
403-4367956-2849158,2022-04-30,Shipped,Amazon,kurta,1,368.0,DELHI,0.16546762589928057
403-4242957-8599555,2022-04-30,Shipped,Amazon,kurta,1,399.0,KERALA,0.17940647482014388
408-7165704-5643524,2022-04-30,Shipped,Amazon,Ethnic Dress,1,699.0,UTTAR PRADESH,0.3142985611510791
402-8210765-3935569,2022-04-30,Shipped,Amazon,Western Dress,1,885.0,MADHYA PRADESH,0.397931654676259
406-7398201-3869914,2022-04-30,Shipped - Delivered to Buyer,Merchant,kurta,1,424.0,MAHARASHTRA,0.1906474820143885
408-3478480-0881162,2022-04-30,Shipped,Amazon,Set,1,1126.0,UTTAR PRADESH,0.5062949640287769
402-7595162-9129931,2022-04-30,Shipped,Amazon,Set,1,788.0,MAHARASHTRA,0.35431654676258995
171-6876154-6233146,2022-04-30,Shipped,Amazon,Set,1,759.0,WEST BENGAL,0.3412769784172662
408-3917043-5314763,2022-04-30,Shipped,Amazon,Set,1,1146.0,ANDHRA PRADESH,0.5152877697841727
408-9281152-6213100,2022-04-30,Shipped,Amazon,Top,1,665.0,TELANGANA,0.29901079136690645
403-3496411-3082707,2022-04-30,Shipped,Amazon,kurta,1,429.0,TELANGANA,0.1928956834532374
171-9208368-0157156,2022-04-30,Shipped - Delivered to Buyer,Merchant,kurta,1,399.0,UTTAR PRADESH,0.17940647482014388
408-2137113-0982751,2022-04-30,Shipped,Amazon,Set,1,848.0,ODISHA,0.381294964028777
402-3628566-9688333,2022-04-30,Shipped,Amazon,Set,1,654.0,MAHARASHTRA,0.29406474820143885
408-7138000-9728362,2022-04-30,Shipped,Amazon,Set,1,1033.0,NAGALAND,0.46447841726618705
402-1752649-2274748,2022-04-30,Shipped,Amazon,kurta,1,390.0,KARNATAKA,0.17535971223021582
402-7944191-1869101,2022-04-30,Shipped,Amazon,Top,1,493.0,KARNATAKA,0.2216726618705036
407-4063876-9566742,2022-04-30,Shipped,Amazon,Western Dress,1,721.0,TELANGANA,0.32419064748201437
403-0752752-4656334,2022-04-30,Shipped,Amazon,Set,1,597.0,RAJASTHAN,0.26843525179856115
406-8879861-2081117,2022-04-30,Shipped,Amazon,kurta,1,399.0,ASSAM,0.17940647482014388
406-8089333-7941903,2022-04-30,Shipped,Amazon,Set,1,888.0,KARNATAKA,0.39928057553956836
171-3072652-6805159,2022-04-30,Shipped,Amazon,kurta,1,353.0,TELANGANA,0.15872302158273383
171-2592464-6846743,2022-04-30,Shipped - Delivered to Buyer,Merchant,Set,1,599.0,KARNATAKA,0.2693345323741007
404-2262140-4696366,2022-04-30,Shipped,Amazon,kurta,1,518.0,MAHARASHTRA,0.2329136690647482
404-2262140-4696366,2022-04-30,Shipped,Amazon,kurta,1,295.0,MAHARASHTRA,0.13264388489208634
405-3594372-1614709,2022-04-30,Shipped,Amazon,Set,1,852.0,UTTAR PRADESH,0.3830935251798561
407-2974257-4781134,2022-04-30,Shipped,Amazon,Set,1,824.0,MAHARASHTRA,0.37050359712230213
171-4137548-0481151,2022-04-30,Cancelled,Amazon,kurta,0,0.0,Gujarat,0.0
405-4461562-9113959,2022-04-30,Shipped,Amazon,Set,1,909.0,JHARKHAND,0.4087230215827338
404-4535078-5241919,2022-04-30,Shipped,Amazon,Top,1,432.0,MAHARASHTRA,0.19424460431654678
405-8387725-2971512,2022-04-30,Shipped,Amazon,Set,1,545.0,KARNATAKA,0.24505395683453238
405-6480932-8759528,2022-04-30,Shipped,Amazon,Set,1,1146.0,KARNATAKA,0.5152877697841727
405-9966506-3155561,2022-04-30,Shipped - Delivered to Buyer,Merchant,kurta,1,696.0,TAMIL NADU,0.3129496402877698
408-7029737-8028367,2022-04-30,Shipped,Amazon,kurta,1,432.0,MAHARASHTRA,0.19424460431654678
407-2189901-7515567,2022-04-30,Shipped - Delivered to Buyer,Merchant,Set,1,631.0,KARNATAKA,0.2837230215827338
402-2105657-2899562,2022-04-30,Shipped,Amazon,kurta,1,316.0,KARNATAKA,0.1420863309352518
406-1326801-8886709,2022-04-30,Shipped - Delivered to Buyer,Merchant,kurta,1,362.0,ODISHA,0.16276978417266186
408-7760667-5809130,2022-04-30,Shipped,Amazon,kurta,1,329.0,TELANGANA,0.147931654676259
405-8457623-9269955,2022-04-30,Shipped,Amazon,kurta,1,399.0,MAHARASHTRA,0.17940647482014388
408-6820155-3521913,2022-04-30,Shipped,Amazon,Set,1,751.0,ASSAM,0.3376798561151079
403-6190683-2687538,2022-04-30,Shipped,Amazon,Western Dress,1,791.0,Gujarat,0.3556654676258993
408-4069830-3819562,2022-04-30,Shipped,Amazon,Set,1,684.0,WEST BENGAL,0.30755395683453235
408-4069830-3819562,2022-04-30,Shipped,Amazon,Set,1,1186.0,WEST BENGAL,0.533273381294964
171-7367545-7081126,2022-04-30,Shipped,Amazon,kurta,1,499.0,TELANGANA,0.2243705035971223
404-6522553-9345930,2022-04-30,Cancelled,Merchant,Set,0,1105.36,UTTARAKHAND,0.4970143884892086
403-9950518-0349133,2022-04-30,Cancelled,Amazon,kurta,0,0.0,TELANGANA,0.0
407-6599093-6553153,2022-04-30,Shipped - Delivered to Buyer,Merchant,Bottom,1,377.0,WEST BENGAL,0.16951438848920863
403-3763475-2237125,2022-04-30,Shipped,Amazon,Western Dress,1,744.0,TAMIL NADU,0.3345323741007194
405-1492294-0323520,2022-04-30,Shipped,Amazon,Western Dress,1,744.0,UTTARAKHAND,0.3345323741007194
403-1162895-2484367,2022-04-30,Shipped - Delivered to Buyer,Merchant,Western Dress,1,859.0,RAJASTHAN,0.3862410071942446
171-6833843-5473114,2022-04-30,Shipped,Amazon,kurta,1,487.0,Gujarat,0.2189748201438849
403-1477057-8253913,2022-04-30,Shipped,Amazon,Western Dress,1,825.0,KERALA,0.37095323741007197
408-2114413-6089906,2022-04-30,Shipped,Amazon,Set,1,680.0,BIHAR,0.3057553956834532
405-1879750-2639521,2022-04-30,Shipped - Delivered to Buyer,Merchant,kurta,1,725.0,TAMIL NADU,0.32598920863309355
406-5727754-5302723,2022-04-30,Shipped,Amazon,Set,1,696.0,Gujarat,0.3129496402877698
405-0901744-8270705,2022-04-30,Shipped,Amazon,kurta,1,499.0,Gujarat,0.2243705035971223
405-9112089-3379536,2022-04-30,Cancelled,Amazon,kurta,0,0.0,MAHARASHTRA,0.0
408-6357132-2310703,2022-04-30,Shipped,Amazon,Set,1,696.0,JAMMU & KASHMIR,0.3129496402877698
406-5334922-9670748,2022-04-30,Shipped,Amazon,kurta,1,406.0,KARNATAKA,0.18255395683453238
402-8519791-3706738,2022-04-30,Shipped,Amazon,Set,1,852.0,DELHI,0.3830935251798561
408-1830318-0357940,2022-04-30,Shipped,Amazon,kurta,1,399.0,HARYANA,0.17940647482014388
406-5103760-7326749,2022-04-30,Shipped,Amazon,kurta,1,432.0,Gujarat,0.19424460431654678
402-7841951-1872363,2022-04-30,Cancelled,Amazon,Set,0,0.0,DELHI,0.0
404-1856281-9996319,2022-04-30,Shipped - Delivered to Buyer,Merchant,Western Dress,1,472.0,MADHYA PRADESH,0.21223021582733814
406-5406738-7113145,2022-04-30,Shipped,Amazon,Set,1,788.0,DELHI,0.35431654676258995
405-5257740-5301158,2022-04-30,Shipped - Delivered to Buyer,Merchant,Set,1,832.0,HARYANA,0.37410071942446044
405-5257740-5301158,2022-04-30,Shipped - Delivered to Buyer,Merchant,kurta,1,399.0,HARYANA,0.17940647482014388
405-2072502-4089911,2022-04-30,Shipped,Amazon,Set,1,599.0,HARYANA,0.2693345323741007
405-0882561-5952340,2022-04-30,Shipped,Amazon,Set,1,692.0,WEST BENGAL,0.31115107913669066
403-7266170-1163500,2022-04-30,Shipped - Delivered to Buyer,Merchant,Top,1,518.0,MAHARASHTRA,0.2329136690647482
405-8114272-1687512,2022-04-30,Shipped,Amazon,Set,1,788.0,DELHI,0.35431654676258995
171-6138639-1478731,2022-04-30,Shipped,Amazon,kurta,1,318.0,TELANGANA,0.14298561151079137
405-4059216-4541150,2022-04-30,Shipped,Amazon,Set,1,597.0,TELANGANA,0.26843525179856115
405-1152015-7333945,2022-04-30,Shipped,Amazon,Set,1,888.0,BIHAR,0.39928057553956836
406-0177436-6731556,2022-04-30,Shipped,Amazon,kurta,1,406.0,TELANGANA,0.18255395683453238
406-0715107-8168308,2022-04-30,Shipped,Amazon,Set,1,1186.0,UTTARAKHAND,0.533273381294964
403-0104882-7373900,2022-04-30,Cancelled,Amazon,Western Dress,1,791.0,Gujarat,0.3556654676258993
403-0104882-7373900,2022-04-30,Cancelled,Amazon,Western Dress,1,807.0,Gujarat,0.36285971223021585
403-0104882-7373900,2022-04-30,Cancelled,Amazon,Western Dress,1,807.0,Gujarat,0.36285971223021585
405-3002282-6797102,2022-04-30,Shipped,Amazon,kurta,1,311.0,WEST BENGAL,0.13983812949640287
407-8466904-3461908,2022-04-30,Shipped,Amazon,Top,1,387.0,MAHARASHTRA,0.17401079136690648
171-3305587-5364338,2022-04-30,Shipped,Amazon,kurta,1,348.0,TELANGANA,0.1564748201438849
406-8961316-8137943,2022-04-30,Shipped - Delivered to Buyer,Merchant,Set,1,597.0,ASSAM,0.26843525179856115
406-8961316-8137943,2022-04-30,Shipped - Delivered to Buyer,Merchant,Set,1,549.0,ASSAM,0.2468525179856115
171-2813040-8296320,2022-04-30,Shipped,Amazon,Set,1,635.0,KARNATAKA,0.28552158273381295
408-9845791-1393151,2022-04-30,Shipped,Amazon,Set,1,597.0,PUNJAB,0.26843525179856115
402-4277204-2348328,2022-04-30,Shipped,Amazon,Set,1,790.0,MADHYA PRADESH,0.3552158273381295
171-3049339-2085136,2022-04-30,Shipped,Amazon,kurta,1,375.0,ASSAM,0.16861510791366907
405-9928526-2470747,2022-04-30,Shipped,Amazon,Set,1,1115.0,TELANGANA,0.5013489208633094
405-4908072-0260360,2022-04-30,Shipped - Delivered to Buyer,Merchant,kurta,1,579.0,KARNATAKA,0.260341726618705
406-3984186-5973150,2022-04-30,Shipped,Amazon,Set,1,788.0,TAMIL NADU,0.35431654676258995
171-8635309-7508346,2022-04-30,Shipped,Amazon,Set,1,597.0,TAMIL NADU,0.26843525179856115
171-0293372-4913973,2022-04-30,Cancelled,Amazon,Set,0,0.0,KARNATAKA,0.0
402-8288606-4313118,2022-04-30,Shipped,Amazon,kurta,1,517.0,HIMACHAL PRADESH,0.23246402877697842
402-8746990-6412346,2022-04-30,Shipped,Amazon,kurta,1,442.0,TAMIL NADU,0.19874100719424462
402-0294212-5431551,2022-04-30,Shipped,Amazon,kurta,1,399.0,UTTAR PRADESH,0.17940647482014388
406-1530134-2105912,2022-04-30,Shipped,Amazon,kurta,1,518.0,KARNATAKA,0.2329136690647482
403-5222550-4437140,2022-04-30,Shipped,Amazon,kurta,1,348.0,TAMIL NADU,0.1564748201438849
408-1482435-5202714,2022-04-30,Shipped - Delivered to Buyer,Merchant,Set,1,788.0,CHHATTISGARH,0.35431654676258995
403-6442534-2769112,2022-04-30,Cancelled,Amazon,Top,0,0.0,UTTAR PRADESH,0.0
408-3113070-0750756,2022-04-30,Shipped,Amazon,Set,1,597.0,MAHARASHTRA,0.26843525179856115
404-7796841-1880317,2022-04-30,Shipped,Amazon,kurta,1,696.0,DELHI,0.3129496402877698
405-2142542-0941949,2022-04-30,Shipped,Amazon,kurta,1,363.0,TELANGANA,0.16321942446043167
405-0286717-7761132,2022-04-30,Shipped,Amazon,kurta,1,299.0,TELANGANA,0.13444244604316546
406-9021273-9221106,2022-04-30,Shipped,Amazon,Western Dress,1,690.0,ASSAM,0.3102517985611511
404-5381335-4577925,2022-04-30,Shipped,Amazon,Top,1,574.0,KARNATAKA,0.2580935251798561
407-4235449-1353916,2022-04-30,Shipped - Delivered to Buyer,Merchant,Set,1,999.0,UTTAR PRADESH,0.44919064748201437
171-8061614-5688327,2022-04-30,Shipped,Amazon,Set,1,999.0,ANDHRA PRADESH,0.44919064748201437
407-8248783-4261958,2022-04-30,Shipped,Amazon,kurta,1,487.0,CHHATTISGARH,0.2189748201438849
404-6513062-3876305,2022-04-30,Shipped - Delivered to Buyer,Merchant,kurta,1,376.0,TAMIL NADU,0.16906474820143885
406-7779874-9136347,2022-04-30,Shipped,Amazon,Set,1,1115.0,UTTARAKHAND,0.5013489208633094
406-9638549-1733961,2022-04-30,Shipped,Amazon,Set,1,517.0,KARNATAKA,0.23246402877697842
407-8801185-0134713,2022-04-30,Shipped,Amazon,Set,1,1126.0,KARNATAKA,0.5062949640287769
171-3625443-6505905,2022-04-30,Shipped,Amazon,Western Dress,1,725.0,KERALA,0.32598920863309355
402-8078642-8565124,2022-04-30,Cancelled,Amazon,kurta,0,0.0,ODISHA,0.0
402-2820441-9623566,2022-04-30,Shipped,Amazon,Western Dress,1,721.0,ODISHA,0.32419064748201437
171-4312987-5366767,2022-04-30,Shipped,Amazon,Set,1,666.0,BIHAR,0.2994604316546763
403-5189998-9343503,2022-04-30,Shipped,Amazon,Set,1,496.0,TELANGANA,0.22302158273381295
407-9863928-5979501,2022-04-30,Shipped - Delivered to Buyer,Merchant,kurta,1,353.0,KERALA,0.15872302158273383
171-4644162-9093116,2022-04-30,Shipped - Delivered to Buyer,Merchant,kurta,1,399.0,UTTAR PRADESH,0.17940647482014388
406-0974406-3179521,2022-04-30,Shipped,Amazon,kurta,1,458.0,TAMIL NADU,0.20593525179856115
402-0048138-1845122,2022-04-30,Shipped,Amazon,Set,1,1115.0,NAGALAND,0.5013489208633094
407-6283946-7749133,2022-04-30,Shipped,Amazon,Ethnic Dress,1,845.0,KARNATAKA,0.37994604316546765
407-0542879-1795554,2022-04-30,Shipped - Delivered to Buyer,Merchant,kurta,1,399.0,HARYANA,0.17940647482014388
406-0218328-1773963,2022-04-30,Cancelled,Amazon,kurta,0,0.0,TAMIL NADU,0.0
407-3742007-3242711,2022-04-30,Shipped,Amazon,kurta,1,517.0,TELANGANA,0.23246402877697842
407-3742007-3242711,2022-04-30,Shipped,Amazon,kurta,1,517.0,TELANGANA,0.23246402877697842
405-3067317-3360344,2022-04-30,Shipped,Amazon,kurta,1,599.0,UTTAR PRADESH,0.2693345323741007
406-5648244-8317954,2022-04-30,Shipped,Amazon,Top,1,487.0,DELHI,0.2189748201438849
171-3460653-0171519,2022-04-30,Shipped,Amazon,Top,1,487.0,HARYANA,0.2189748201438849
404-5337874-2284337,2022-04-30,Shipped,Amazon,Set,1,568.0,KARNATAKA,0.25539568345323743
405-2660443-4165145,2022-04-30,Shipped - Delivered to Buyer,Merchant,kurta,1,399.0,KARNATAKA,0.17940647482014388
402-3329522-2367566,2022-04-30,Shipped,Amazon,kurta,1,295.0,MAHARASHTRA,0.13264388489208634
406-3078054-1755513,2022-04-30,Shipped,Amazon,kurta,1,484.0,UTTAR PRADESH,0.21762589928057555
171-4647176-6456305,2022-04-30,Shipped,Amazon,Set,1,626.0,MAHARASHTRA,0.2814748201438849
408-5011528-8276347,2022-04-30,Shipped,Amazon,Set,1,563.0,UTTAR PRADESH,0.25314748201438847
407-4097885-3129958,2022-04-30,Shipped - Delivered to Buyer,Merchant,Top,1,387.0,MAHARASHTRA,0.17401079136690648
171-1224053-5752314,2022-04-30,Cancelled,Merchant,Top,0,463.81,KARNATAKA,0.2085476618705036
406-2849582-6531553,2022-04-30,Shipped,Amazon,Top,1,512.0,UTTAR PRADESH,0.2302158273381295
407-5875767-6399551,2022-04-30,Shipped,Amazon,Set,1,1112.0,TELANGANA,0.5
171-6336729-6763536,2022-04-30,Cancelled,Amazon,Set,1,626.0,KARNATAKA,0.2814748201438849
404-3907920-5281963,2022-04-30,Shipped,Amazon,kurta,1,376.0,TELANGANA,0.16906474820143885
408-7310428-6047538,2022-04-30,Shipped,Amazon,Western Dress,1,859.0,KARNATAKA,0.3862410071942446
403-2608092-6065935,2022-04-30,Shipped,Amazon,Set,1,597.0,KARNATAKA,0.26843525179856115
404-9760385-9109154,2022-04-30,Shipped,Amazon,kurta,1,329.0,TELANGANA,0.147931654676259
405-0732969-3941948,2022-04-30,Shipped - Delivered to Buyer,Merchant,Set,1,583.0,WEST BENGAL,0.26214028776978415
402-2720308-2560327,2022-04-30,Shipped,Amazon,Western Dress,1,665.0,MAHARASHTRA,0.29901079136690645
402-0589123-6183541,2022-04-30,Shipped,Amazon,Set,1,582.0,MAHARASHTRA,0.26169064748201437
408-3874942-9917143,2022-04-30,Shipped,Amazon,Set,1,1126.0,UTTAR PRADESH,0.5062949640287769
402-1706149-0949104,2022-04-30,Shipped,Amazon,kurta,1,534.0,MAHARASHTRA,0.24010791366906475
407-1672316-3245939,2022-04-30,Shipped,Amazon,kurta,1,319.0,TAMIL NADU,0.14343525179856115
405-1832646-7988329,2022-04-30,Shipped,Amazon,kurta,1,368.0,MAHARASHTRA,0.16546762589928057
408-9692204-9817146,2022-04-30,Cancelled,Amazon,Set,1,597.0,MAHARASHTRA,0.26843525179856115
402-9339129-6219537,2022-04-30,Cancelled,Amazon,Set,1,654.0,KARNATAKA,0.29406474820143885
405-3036350-8089120,2022-04-30,Shipped,Amazon,kurta,1,795.0,Gujarat,0.3574640287769784
404-6680046-0839536,2022-04-30,Shipped - Delivered to Buyer,Merchant,Western Dress,1,744.0,TAMIL NADU,0.3345323741007194
406-2966654-4672325,2022-04-30,Shipped,Amazon,kurta,1,692.0,UTTAR PRADESH,0.31115107913669066
403-4845285-4565113,2022-04-30,Shipped,Amazon,Top,1,563.0,JAMMU & KASHMIR,0.25314748201438847
171-4496851-5319548,2022-04-30,Shipped,Amazon,Top,1,545.0,KARNATAKA,0.24505395683453238
408-3416118-1167564,2022-04-30,Shipped,Amazon,Set,1,999.0,ARUNACHAL PRADESH,0.44919064748201437
406-1590113-9193914,2022-04-30,Shipped,Amazon,Set,1,654.0,WEST BENGAL,0.29406474820143885
404-0363929-8015528,2022-04-30,Shipped,Amazon,Top,1,588.0,MAHARASHTRA,0.2643884892086331
407-7173744-5333154,2022-04-30,Shipped - Delivered to Buyer,Merchant,kurta,1,497.0,DELHI,0.22347122302158273
405-6880044-2861120,2022-04-30,Shipped,Amazon,kurta,1,517.0,RAJASTHAN,0.23246402877697842
403-4337144-0984323,2022-04-30,Cancelled,Amazon,Top,0,0.0,JAMMU & KASHMIR,0.0
171-1851948-5476361,2022-04-30,Shipped,Amazon,Set,1,1115.0,MANIPUR,0.5013489208633094
171-5810429-4493110,2022-04-30,Shipped,Amazon,Set,1,582.0,WEST BENGAL,0.26169064748201437
171-1068229-1581965,2022-04-30,Shipped,Amazon,Set,1,449.0,WEST BENGAL,0.2018884892086331
402-2105140-3584364,2022-04-30,Shipped,Amazon,kurta,1,375.0,KARNATAKA,0.16861510791366907
403-3561336-3563535,2022-04-30,Shipped,Amazon,Set,1,771.0,Gujarat,0.3466726618705036
402-9532672-5385917,2022-04-30,Shipped,Amazon,kurta,1,399.0,TAMIL NADU,0.17940647482014388
408-4547464-4180323,2022-04-30,Shipped - Delivered to Buyer,Merchant,kurta,1,0.0,ODISHA,0.0
402-2211107-5096323,2022-04-30,Shipped,Amazon,Set,1,654.0,UTTAR PRADESH,0.29406474820143885
403-9412025-7537140,2022-04-30,Shipped,Amazon,kurta,1,424.0,KERALA,0.1906474820143885
403-5456917-5571511,2022-04-30,Cancelled,Amazon,Western Dress,0,0.0,UTTAR PRADESH,0.0
171-8452330-4756317,2022-04-30,Shipped,Amazon,Top,1,432.0,MAHARASHTRA,0.19424460431654678
171-4350114-4299568,2022-04-30,Shipped - Delivered to Buyer,Merchant,Top,1,399.0,MAHARASHTRA,0.17940647482014388
405-8692900-3888310,2022-04-30,Shipped,Amazon,kurta,1,399.0,KARNATAKA,0.17940647482014388
402-6750101-3923558,2022-04-30,Shipped,Amazon,Set,1,597.0,KERALA,0.26843525179856115
403-5725327-6264327,2022-04-30,Shipped,Amazon,Top,1,463.0,UTTAR PRADESH,0.20818345323741008
403-5209693-1173944,2022-04-30,Shipped,Amazon,kurta,1,484.0,UTTAR PRADESH,0.21762589928057555
403-8255889-7526765,2022-04-30,Shipped,Amazon,kurta,1,635.0,BIHAR,0.28552158273381295
407-3554912-7244363,2022-04-30,Shipped,Amazon,kurta,1,685.0,ASSAM,0.30800359712230213
407-4737202-9096304,2022-04-30,Shipped - Delivered to Buyer,Merchant,Western Dress,1,725.0,BIHAR,0.32598920863309355
171-2842936-5423534,2022-04-30,Shipped,Amazon,Top,1,487.0,KARNATAKA,0.2189748201438849
407-4936046-5852304,2022-04-30,Cancelled,Merchant,Set,0,1249.11,HARYANA,0.5616501798561151
407-4936046-5852304,2022-04-30,Cancelled,Merchant,Set,0,1058.93,HARYANA,0.4761375899280576
402-9580874-3525948,2022-04-30,Shipped,Amazon,Set,1,696.0,KERALA,0.3129496402877698
404-7426070-1355530,2022-04-30,Shipped,Amazon,kurta,1,329.0,TELANGANA,0.147931654676259
406-4878137-1126707,2022-04-30,Shipped,Amazon,kurta,1,517.0,MAHARASHTRA,0.23246402877697842
171-3505516-3505949,2022-04-30,Shipped,Amazon,Set,1,591.0,MAHARASHTRA,0.26573741007194246
406-6199849-7523514,2022-04-30,Shipped,Amazon,kurta,1,406.0,KERALA,0.18255395683453238
406-6180074-2350757,2022-04-30,Shipped,Amazon,Set,1,684.0,KARNATAKA,0.30755395683453235
406-6180074-2350757,2022-04-30,Shipped,Amazon,Set,1,1115.0,KARNATAKA,0.5013489208633094
406-2403215-8361103,2022-04-30,Shipped - Delivered to Buyer,Merchant,Set,1,999.0,KARNATAKA,0.44919064748201437
404-6578109-5618751,2022-04-30,Shipped - Delivered to Buyer,Merchant,kurta,1,295.0,KARNATAKA,0.13264388489208634
407-2307966-4961113,2022-04-30,Shipped,Amazon,kurta,1,442.0,KARNATAKA,0.19874100719424462
404-5539778-0029904,2022-04-30,Shipped,Amazon,Set,1,563.0,ASSAM,0.25314748201438847
171-6222676-0740318,2022-04-30,Shipped,Amazon,kurta,1,435.0,DELHI,0.19559352517985612
403-2166075-2254703,2022-04-30,Shipped,Amazon,Set,1,563.0,KARNATAKA,0.25314748201438847
407-5766340-7411567,2022-04-30,Shipped,Amazon,kurta,1,399.0,Gujarat,0.17940647482014388
404-0634392-1837110,2022-04-30,Cancelled,Amazon,Top,0,0.0,MAHARASHTRA,0.0
403-5977671-8855508,2022-04-30,Shipped - Returned to Seller,Merchant,Set,1,1115.0,WEST BENGAL,0.5013489208633094
408-9321153-0591557,2022-04-30,Shipped,Amazon,kurta,1,399.0,KARNATAKA,0.17940647482014388
404-0696150-3898703,2022-04-30,Shipped - Delivered to Buyer,Merchant,Set,1,499.0,MAHARASHTRA,0.2243705035971223
406-7586136-6520337,2022-04-30,Shipped - Delivered to Buyer,Merchant,Western Dress,1,791.0,UTTARAKHAND,0.3556654676258993
407-6146457-8788352,2022-04-30,Shipped,Amazon,Western Dress,1,725.0,BIHAR,0.32598920863309355
404-8514200-3544346,2022-04-30,Cancelled,Amazon,kurta,0,0.0,KARNATAKA,0.0
404-7452877-2137949,2022-04-30,Cancelled,Merchant,kurta,0,0.0,KARNATAKA,0.0
407-1515930-8661921,2022-04-30,Shipped,Amazon,Set,1,1099.0,WEST BENGAL,0.4941546762589928
405-9144614-1601126,2022-04-30,Shipped - Delivered to Buyer,Merchant,kurta,1,533.0,TELANGANA,0.23965827338129497
407-0994909-4122733,2022-04-30,Shipped,Amazon,kurta,1,696.0,RAJASTHAN,0.3129496402877698
402-7042386-5486768,2022-04-30,Shipped,Amazon,kurta,1,363.0,TAMIL NADU,0.16321942446043167
403-7652993-1507525,2022-04-30,Shipped,Amazon,Set,1,631.0,ODISHA,0.2837230215827338
407-3847456-6656309,2022-04-30,Shipped,Amazon,Set,1,1115.0,BIHAR,0.5013489208633094
407-3847456-6656309,2022-04-30,Shipped,Amazon,Set,1,968.0,BIHAR,0.4352517985611511
171-7623384-8040337,2022-04-30,Shipped,Amazon,kurta,1,486.0,MAHARASHTRA,0.2185251798561151
171-7623384-8040337,2022-04-30,Shipped,Amazon,Set,1,597.0,MAHARASHTRA,0.26843525179856115
171-4607096-6413920,2022-04-30,Shipped - Delivered to Buyer,Merchant,Set,1,563.0,MAHARASHTRA,0.25314748201438847
404-6783988-2006729,2022-04-30,Shipped,Amazon,Set,1,597.0,TAMIL NADU,0.26843525179856115
404-6975277-1927553,2022-04-30,Shipped - Delivered to Buyer,Merchant,kurta,1,458.0,WEST BENGAL,0.20593525179856115
402-5586272-3646748,2022-04-30,Shipped,Amazon,Set,1,1065.0,UTTARAKHAND,0.47886690647482016
171-1584788-8864335,2022-04-30,Shipped - Delivered to Buyer,Merchant,Set,1,1099.0,MAHARASHTRA,0.4941546762589928
402-0150402-0900371,2022-04-30,Shipped,Amazon,Western Dress,1,721.0,MADHYA PRADESH,0.32419064748201437
408-6791822-5493964,2022-04-30,Shipped,Amazon,Set,1,968.0,UTTAR PRADESH,0.4352517985611511
405-0483874-0889137,2022-04-30,Shipped,Amazon,Set,1,563.0,UTTAR PRADESH,0.25314748201438847
407-5600921-2143569,2022-04-30,Cancelled,Merchant,Set,0,995.54,KARNATAKA,0.4476348920863309
404-1607808-0769930,2022-04-30,Cancelled,Amazon,Set,0,0.0,BIHAR,0.0
407-5124083-2725136,2022-04-30,Shipped,Amazon,Set,1,682.0,UTTAR PRADESH,0.3066546762589928
407-4766116-5412325,2022-04-30,Shipped,Amazon,kurta,1,399.0,HIMACHAL PRADESH,0.17940647482014388
402-6885004-6990731,2022-04-30,Shipped,Amazon,Set,1,626.0,TAMIL NADU,0.2814748201438849
402-2207276-9869933,2022-04-30,Shipped,Amazon,Set,1,1140.0,TELANGANA,0.512589928057554
407-9494293-9423561,2022-04-30,Shipped,Amazon,kurta,1,486.0,JAMMU & KASHMIR,0.2185251798561151
171-6867266-8495534,2022-04-30,Shipped,Amazon,Set,1,597.0,KARNATAKA,0.26843525179856115
408-3475592-6193128,2022-04-30,Shipped,Amazon,kurta,1,399.0,KARNATAKA,0.17940647482014388
171-1987024-2709164,2022-04-30,Shipped,Amazon,Set,1,660.0,ANDHRA PRADESH,0.29676258992805754
406-1522425-5387565,2022-04-30,Shipped,Amazon,kurta,1,459.0,TELANGANA,0.20638489208633093
171-3270734-5045130,2022-04-30,Shipped,Amazon,Set,1,631.0,DELHI,0.2837230215827338
408-4101226-7217932,2022-04-30,Shipped - Delivered to Buyer,Merchant,kurta,1,459.0,UTTAR PRADESH,0.20638489208633093
171-5719664-5449151,2022-04-30,Cancelled,Amazon,Set,1,597.0,KARNATAKA,0.26843525179856115
403-9400764-4029123,2022-04-30,Shipped,Amazon,Set,1,852.0,KARNATAKA,0.3830935251798561
406-8413944-2634744,2022-04-30,Shipped,Amazon,kurta,1,353.0,TELANGANA,0.15872302158273383
406-8271099-5133911,2022-04-30,Shipped,Amazon,kurta,1,345.0,KARNATAKA,0.15512589928057555
406-8271099-5133911,2022-04-30,Shipped,Amazon,kurta,1,329.0,KARNATAKA,0.147931654676259
405-3441326-1516368,2022-04-30,Shipped,Amazon,Top,1,518.0,WEST BENGAL,0.2329136690647482
408-8009772-6580317,2022-04-30,Shipped,Amazon,Top,1,387.0,WEST BENGAL,0.17401079136690648
402-4774686-7773937,2022-04-30,Shipped - Delivered to Buyer,Merchant,Top,1,339.0,TELANGANA,0.15242805755395683
402-2860689-5652319,2022-04-30,Shipped,Amazon,Western Dress,1,744.0,MADHYA PRADESH,0.3345323741007194
406-6386989-1689108,2022-04-30,Shipped - Delivered to Buyer,Merchant,Set,1,888.0,WEST BENGAL,0.39928057553956836
408-9720884-9553122,2022-04-30,Shipped,Amazon,kurta,1,487.0,ODISHA,0.2189748201438849
408-6428766-2839536,2022-04-30,Shipped - Delivered to Buyer,Merchant,kurta,1,487.0,ODISHA,0.2189748201438849
408-8641795-6914711,2022-04-30,Shipped,Amazon,Top,1,563.0,HARYANA,0.25314748201438847
402-9475978-1434754,2022-04-30,Shipped,Amazon,Western Dress,1,859.0,ANDHRA PRADESH,0.3862410071942446
407-5776821-9327552,2022-04-30,Shipped,Amazon,Set,1,1133.0,MAHARASHTRA,0.5094424460431655
171-6845071-0336346,2022-04-30,Shipped,Amazon,Set,1,788.0,MAHARASHTRA,0.35431654676258995
171-6783343-9758701,2022-04-30,Shipped,Amazon,kurta,1,399.0,PUNJAB,0.17940647482014388
402-0043314-1059527,2022-04-30,Cancelled,Amazon,Western Dress,1,744.0,MADHYA PRADESH,0.3345323741007194
406-6586654-6641140,2022-04-30,Shipped - Delivered to Buyer,Merchant,kurta,1,487.0,KARNATAKA,0.2189748201438849
405-6120626-0941135,2022-04-30,Shipped,Amazon,Set,1,657.0,KARNATAKA,0.2954136690647482
408-9255314-3102740,2022-04-30,Shipped,Amazon,Set,1,1133.0,MAHARASHTRA,0.5094424460431655
408-3436456-9893130,2022-04-30,Shipped,Amazon,kurta,1,399.0,MAHARASHTRA,0.17940647482014388
408-3870331-6287517,2022-04-30,Shipped,Amazon,kurta,1,399.0,UTTARAKHAND,0.17940647482014388
408-3870331-6287517,2022-04-30,Shipped,Amazon,kurta,1,399.0,UTTARAKHAND,0.17940647482014388
407-2882576-2777135,2022-04-30,Shipped - Delivered to Buyer,Merchant,Set,1,1233.0,TELANGANA,0.5544064748201439
403-2256919-4846738,2022-04-30,Shipped - Delivered to Buyer,Merchant,Western Dress,1,825.0,KARNATAKA,0.37095323741007197
403-2920089-2403567,2022-04-30,Shipped,Amazon,Top,1,487.0,TAMIL NADU,0.2189748201438849
406-7792526-4685142,2022-04-30,Shipped,Amazon,Set,1,563.0,TELANGANA,0.25314748201438847
406-7680255-6117120,2022-04-30,Shipped,Amazon,kurta,1,399.0,TELANGANA,0.17940647482014388
402-4646784-8411501,2022-04-30,Shipped - Delivered to Buyer,Merchant,kurta,1,471.0,HARYANA,0.21178057553956833
405-2788163-4515521,2022-04-30,Shipped - Delivered to Buyer,Merchant,kurta,1,342.0,MADHYA PRADESH,0.15377697841726617
405-1757140-2025918,2022-04-30,Shipped,Amazon,kurta,1,432.0,MADHYA PRADESH,0.19424460431654678
403-9105351-8453114,2022-04-30,Shipped,Amazon,kurta,1,399.0,UTTARAKHAND,0.17940647482014388
402-0503400-6235514,2022-04-30,Shipped,Amazon,Set,1,736.0,TAMIL NADU,0.33093525179856115
408-3201739-2676310,2022-04-30,Shipped,Amazon,Set,1,1260.0,MAHARASHTRA,0.5665467625899281
171-8027093-8553945,2022-04-30,Shipped,Amazon,kurta,1,399.0,UTTARAKHAND,0.17940647482014388
403-3331597-7637100,2022-04-30,Shipped,Amazon,Set,1,1133.0,ODISHA,0.5094424460431655
403-4424319-6635501,2022-04-30,Shipped,Amazon,Set,1,759.0,Goa,0.3412769784172662
403-0906375-2269150,2022-04-30,Cancelled,Amazon,kurta,1,475.0,MADHYA PRADESH,0.2135791366906475
406-7261451-5682727,2022-04-30,Shipped,Amazon,Western Dress,1,744.0,KARNATAKA,0.3345323741007194
402-6566640-5417947,2022-04-30,Shipped,Amazon,Western Dress,1,771.0,TELANGANA,0.3466726618705036
402-5302912-6805151,2022-04-30,Shipped - Delivered to Buyer,Merchant,Western Dress,1,725.0,TELANGANA,0.32598920863309355
407-9707366-3029944,2022-04-30,Cancelled,Merchant,kurta,0,473.33,DELHI,0.21282823741007192
402-1365379-0131533,2022-04-30,Cancelled,Amazon,Set,0,0.0,TELANGANA,0.0
408-5540360-9479519,2022-04-30,Shipped - Delivered to Buyer,Merchant,Set,1,759.0,MEGHALAYA,0.3412769784172662
403-2079921-1244300,2022-04-30,Cancelled,Amazon,kurta,1,475.0,MADHYA PRADESH,0.2135791366906475
402-8019936-6115500,2022-04-30,Cancelled,Amazon,Set,1,654.0,KARNATAKA,0.29406474820143885
406-6711228-7576354,2022-04-30,Cancelled,Amazon,Western Dress,1,791.0,KARNATAKA,0.3556654676258993
171-1425554-3718756,2022-04-30,Shipped,Amazon,Western Dress,1,744.0,KARNATAKA,0.3345323741007194
407-9906412-0889129,2022-04-30,Shipped,Amazon,kurta,1,376.0,WEST BENGAL,0.16906474820143885
408-8991303-6559523,2022-04-30,Shipped,Amazon,kurta,1,399.0,TAMIL NADU,0.17940647482014388
408-6046797-8945127,2022-04-30,Shipped,Amazon,Set,1,599.0,WEST BENGAL,0.2693345323741007
171-2134173-5385136,2022-04-30,Shipped,Amazon,kurta,1,782.0,KARNATAKA,0.3516187050359712
171-2134173-5385136,2022-04-30,Shipped,Amazon,kurta,1,362.0,KARNATAKA,0.16276978417266186
402-2155477-9353103,2022-04-30,Shipped,Amazon,Set,1,1173.0,ODISHA,0.5274280575539568
407-8580022-5578715,2022-04-30,Shipped - Delivered to Buyer,Merchant,Western Dress,1,744.0,HARYANA,0.3345323741007194
402-1572540-8678700,2022-04-30,Shipped,Amazon,Western Dress,1,725.0,WEST BENGAL,0.32598920863309355
171-1887627-9813158,2022-04-30,Shipped,Amazon,kurta,1,376.0,ANDHRA PRADESH,0.16906474820143885
408-7712483-3825907,2022-04-30,Shipped - Delivered to Buyer,Merchant,kurta,1,459.0,UTTAR PRADESH,0.20638489208633093
402-3621298-2630741,2022-04-30,Cancelled,Amazon,Set,1,654.0,KARNATAKA,0.29406474820143885
404-8745561-3169903,2022-04-30,Shipped,Amazon,kurta,1,379.0,UTTAR PRADESH,0.1704136690647482
404-1508602-9433941,2022-04-30,Shipped,Amazon,Set,1,696.0,WEST BENGAL,0.3129496402877698
171-9371949-6030721,2022-04-30,Shipped,Amazon,Set,1,597.0,WEST BENGAL,0.26843525179856115
171-2705563-6985105,2022-04-30,Shipped,Amazon,Set,1,692.0,NAGALAND,0.31115107913669066
408-5990312-3581165,2022-04-30,Shipped,Amazon,Set,1,824.0,PUDUCHERRY,0.37050359712230213
403-6062596-1220349,2022-04-30,Shipped,Amazon,kurta,1,399.0,GOA,0.17940647482014388
171-8220241-5105927,2022-04-30,Shipped,Amazon,kurta,1,737.0,KARNATAKA,0.33138489208633093
408-9405529-3743511,2022-04-30,Shipped,Amazon,kurta,1,399.0,TELANGANA,0.17940647482014388
402-3595365-1666728,2022-04-30,Cancelled,Amazon,Set,1,899.0,UTTAR PRADESH,0.40422661870503596
407-3271219-3762757,2022-04-30,Shipped,Amazon,kurta,1,368.0,MAHARASHTRA,0.16546762589928057
402-3660716-8589107,2022-04-30,Shipped - Delivered to Buyer,Merchant,kurta,1,471.0,KERALA,0.21178057553956833
171-3953233-6135505,2022-04-30,Shipped,Amazon,kurta,1,399.0,UTTAR PRADESH,0.17940647482014388
402-5525660-2118707,2022-04-30,Shipped,Amazon,kurta,1,376.0,TAMIL NADU,0.16906474820143885
406-9941718-1734719,2022-04-30,Shipped - Delivered to Buyer,Merchant,kurta,1,544.0,KARNATAKA,0.2446043165467626
171-1297873-2176339,2022-04-30,Shipped,Amazon,kurta,1,499.0,TELANGANA,0.2243705035971223
407-6401192-4057954,2022-04-30,Shipped,Amazon,Top,1,426.0,KARNATAKA,0.19154676258992806
406-3397500-8084361,2022-04-30,Shipped,Amazon,kurta,1,399.0,KARNATAKA,0.17940647482014388
171-9620288-8918704,2022-04-30,Cancelled,Amazon,Set,0,0.0,UTTARAKHAND,0.0
402-8089760-1132331,2022-04-30,Shipped,Amazon,Set,1,995.0,DELHI,0.44739208633093525
403-7042175-3905937,2022-04-30,Shipped,Amazon,kurta,1,499.0,WEST BENGAL,0.2243705035971223
403-7042175-3905937,2022-04-30,Shipped,Amazon,kurta,1,499.0,WEST BENGAL,0.2243705035971223
407-4629176-4141949,2022-04-30,Shipped,Amazon,Set,1,597.0,MAHARASHTRA,0.26843525179856115
171-7306449-0588335,2022-04-30,Shipped,Amazon,kurta,1,562.0,DELHI,0.2526978417266187
407-1396965-6726703,2022-04-30,Shipped,Amazon,kurta,1,696.0,BIHAR,0.3129496402877698
407-0624641-6557144,2022-04-30,Shipped,Amazon,Set,1,788.0,TELANGANA,0.35431654676258995
405-8444009-8723509,2022-04-30,Shipped,Amazon,kurta,1,399.0,DELHI,0.17940647482014388
406-5729580-2175565,2022-04-30,Shipped,Amazon,Set,1,1099.0,WEST BENGAL,0.4941546762589928
404-2255967-5457950,2022-04-30,Shipped,Amazon,Set,1,476.0,TELANGANA,0.21402877697841727
408-5020509-5674715,2022-04-30,Shipped - Returned to Seller,Merchant,Western Dress,1,0.0,DELHI,0.0
407-7642883-3094732,2022-04-30,Shipped - Delivered to Buyer,Merchant,Western Dress,1,885.0,ASSAM,0.397931654676259
404-7608918-0571517,2022-04-30,Shipped,Amazon,Set,1,654.0,JAMMU & KASHMIR,0.29406474820143885
171-6589781-2209965,2022-04-30,Shipped,Amazon,Western Dress,1,625.0,MAHARASHTRA,0.2810251798561151
405-9442254-2207515,2022-04-30,Shipped - Delivered to Buyer,Merchant,kurta,1,505.0,KERALA,0.227068345323741
405-3071731-6600369,2022-04-30,Shipped,Amazon,kurta,1,563.0,KERALA,0.25314748201438847
404-6026001-1717923,2022-04-30,Cancelled,Merchant,kurta,0,344.76,UTTAR PRADESH,0.15501798561151078
404-4026534-0431517,2022-04-30,Cancelled,Amazon,Set,0,0.0,MAHARASHTRA,0.0
406-4970885-3273941,2022-04-30,Shipped - Delivered to Buyer,Merchant,kurta,1,666.0,MAHARASHTRA,0.2994604316546763
406-2942566-8263534,2022-04-30,Shipped - Delivered to Buyer,Merchant,kurta,1,399.0,TELANGANA,0.17940647482014388
406-7501816-7391539,2022-04-30,Shipped - Delivered to Buyer,Merchant,kurta,1,432.0,UTTARAKHAND,0.19424460431654678
408-3137526-3167563,2022-04-30,Shipped,Amazon,kurta,1,0.0,WEST BENGAL,0.0
408-5211576-2061139,2022-04-30,Shipped,Amazon,Set,1,1099.0,JHARKHAND,0.4941546762589928
406-9632792-8869139,2022-04-30,Shipped,Amazon,kurta,1,353.0,KARNATAKA,0.15872302158273383
408-7971979-8745937,2022-04-30,Shipped - Delivered to Buyer,Merchant,Western Dress,1,0.0,PUNJAB,0.0
405-5166820-2566738,2022-04-30,Shipped,Amazon,Set,1,563.0,KARNATAKA,0.25314748201438847
405-8932002-4271522,2022-04-30,Shipped,Amazon,Set,1,788.0,TELANGANA,0.35431654676258995
404-1855398-2642751,2022-04-30,Shipped,Amazon,Set,1,654.0,BIHAR,0.29406474820143885
408-0912805-7526753,2022-04-30,Shipped,Amazon,Set,1,0.0,MAHARASHTRA,0.0
402-2403704-9667560,2022-04-30,Shipped,Amazon,kurta,1,399.0,TELANGANA,0.17940647482014388
405-2569549-3466719,2022-04-30,Shipped,Amazon,Set,1,696.0,UTTAR PRADESH,0.3129496402877698
405-2822825-3877133,2022-04-30,Shipped,Amazon,Set,1,1112.0,UTTAR PRADESH,0.5
171-5222377-4501935,2022-04-30,Shipped,Amazon,kurta,1,517.0,ANDHRA PRADESH,0.23246402877697842
171-2644368-7969167,2022-04-30,Shipped,Amazon,Set,1,888.0,ANDHRA PRADESH,0.39928057553956836
171-2644368-7969167,2022-04-30,Shipped,Amazon,kurta,1,399.0,ANDHRA PRADESH,0.17940647482014388
171-2644368-7969167,2022-04-30,Shipped,Amazon,kurta,1,442.0,ANDHRA PRADESH,0.19874100719424462
171-2644368-7969167,2022-04-30,Shipped,Amazon,Set,1,1149.0,ANDHRA PRADESH,0.516636690647482
171-2644368-7969167,2022-04-30,Shipped,Amazon,Ethnic Dress,1,845.0,ANDHRA PRADESH,0.37994604316546765
171-1758807-7455529,2022-04-30,Shipped,Amazon,Set,1,788.0,WEST BENGAL,0.35431654676258995
404-5848202-7366725,2022-04-30,Cancelled,Merchant,Western Dress,0,734.29,TELANGANA,0.33016636690647483
408-8224264-0017161,2022-04-30,Shipped,Amazon,Set,1,788.0,DELHI,0.35431654676258995
408-6529937-6381928,2022-04-30,Shipped,Amazon,Set,1,654.0,GOA,0.29406474820143885
407-2028379-9672355,2022-04-30,Shipped,Amazon,kurta,1,518.0,TAMIL NADU,0.2329136690647482
402-9221687-4573915,2022-04-30,Shipped,Amazon,Set,1,626.0,TELANGANA,0.2814748201438849
405-2668017-2013957,2022-04-30,Shipped,Amazon,kurta,1,534.0,UTTAR PRADESH,0.24010791366906475
408-3337319-8990747,2022-04-30,Shipped,Amazon,kurta,1,475.0,Gujarat,0.2135791366906475
407-1256885-2004349,2022-04-30,Shipped,Amazon,kurta,1,549.0,ODISHA,0.2468525179856115
404-3723311-1030756,2022-04-30,Shipped,Amazon,kurta,1,518.0,TAMIL NADU,0.2329136690647482
171-5542306-9306709,2022-04-30,Cancelled,Amazon,Western Dress,0,0.0,MAHARASHTRA,0.0
406-3702147-1800341,2022-04-30,Shipped - Delivered to Buyer,Merchant,Western Dress,1,725.0,TELANGANA,0.32598920863309355
404-5867260-9073129,2022-04-30,Cancelled,Merchant,kurta,0,437.14,TAMIL NADU,0.19655575539568346
403-8966287-7773106,2022-04-30,Shipped,Amazon,kurta,1,363.0,KARNATAKA,0.16321942446043167
408-1512444-4965152,2022-04-30,Shipped,Amazon,kurta,1,399.0,BIHAR,0.17940647482014388
171-9451879-3651542,2022-04-30,Shipped,Amazon,kurta,1,487.0,WEST BENGAL,0.2189748201438849
408-8501185-0578768,2022-04-30,Cancelled,Amazon,Set,1,824.0,PUDUCHERRY,0.37050359712230213
402-0251823-0845133,2022-04-30,Shipped - Delivered to Buyer,Merchant,kurta,1,353.0,MEGHALAYA,0.15872302158273383
408-5190897-8781155,2022-04-30,Shipped,Amazon,Top,1,487.0,MAHARASHTRA,0.2189748201438849
403-3109934-4911514,2022-04-30,Shipped,Amazon,Set,1,597.0,ANDHRA PRADESH,0.26843525179856115
407-0718034-7893108,2022-04-30,Shipped,Amazon,Set,1,654.0,UTTAR PRADESH,0.29406474820143885
404-0752237-5721965,2022-04-30,Shipped,Amazon,Set,1,597.0,TELANGANA,0.26843525179856115
403-6818986-3510737,2022-04-30,Cancelled,Amazon,kurta,1,363.0,KARNATAKA,0.16321942446043167
403-4673019-6572340,2022-04-30,Shipped,Amazon,kurta,1,471.0,MADHYA PRADESH,0.21178057553956833
171-4549643-0067500,2022-04-30,Cancelled,Amazon,kurta,0,0.0,MAHARASHTRA,0.0
404-3622512-3887551,2022-04-30,Shipped,Amazon,Western Dress,1,744.0,ASSAM,0.3345323741007194
406-6906315-9570765,2022-04-30,Shipped,Amazon,kurta,1,399.0,TAMIL NADU,0.17940647482014388
407-3562449-1962729,2022-04-30,Shipped - Delivered to Buyer,Merchant,kurta,1,568.0,KARNATAKA,0.25539568345323743
408-2593644-6317933,2022-04-30,Shipped,Amazon,Set,1,835.0,KARNATAKA,0.3754496402877698
407-7607527-1189964,2022-04-30,Shipped - Rejected by Buyer,Merchant,kurta,1,568.0,KARNATAKA,0.25539568345323743
405-7398388-2654744,2022-04-30,Shipped,Amazon,Western Dress,1,899.0,JHARKHAND,0.40422661870503596
405-5066690-4132337,2022-04-30,Shipped,Amazon,kurta,1,406.0,KARNATAKA,0.18255395683453238
408-6466311-6949931,2022-04-30,Shipped,Amazon,Set,1,0.0,UTTAR PRADESH,0.0
171-4643830-2345965,2022-04-30,Cancelled,Merchant,Set,0,570.48,MAHARASHTRA,0.25651079136690647
404-1051549-5381167,2022-04-30,Shipped - Delivered to Buyer,Merchant,kurta,1,399.0,TELANGANA,0.17940647482014388
406-7625210-8793109,2022-04-30,Shipped,Amazon,Set,1,789.0,TAMIL NADU,0.3547661870503597
406-8665288-2025908,2022-04-30,Shipped,Amazon,Saree,1,620.0,DELHI,0.2787769784172662
408-6732772-4525113,2022-04-30,Shipped - Delivered to Buyer,Merchant,Set,1,0.0,MAHARASHTRA,0.0
171-7068385-2777168,2022-04-30,Shipped - Delivered to Buyer,Merchant,Set,1,631.0,MAHARASHTRA,0.2837230215827338
405-9930530-1209919,2022-04-30,Shipped,Amazon,kurta,1,499.0,MADHYA PRADESH,0.2243705035971223
407-0288006-5535531,2022-04-30,Shipped,Amazon,Western Dress,1,807.0,TELANGANA,0.36285971223021585
403-6363820-3080315,2022-04-30,Shipped,Amazon,Set,1,666.0,PUDUCHERRY,0.2994604316546763
408-7937211-8974712,2022-04-30,Shipped,Amazon,Set,1,0.0,MAHARASHTRA,0.0
407-4283259-6933941,2022-04-30,Shipped,Amazon,kurta,1,329.0,TAMIL NADU,0.147931654676259
407-3630361-4581152,2022-04-30,Cancelled,Amazon,kurta,0,0.0,TAMIL NADU,0.0
408-6348199-2089932,2022-04-30,Shipped,Amazon,Set,1,0.0,JHARKHAND,0.0
408-5824761-8505932,2022-04-30,Shipped - Delivered to Buyer,Merchant,kurta,1,399.0,UTTAR PRADESH,0.17940647482014388
406-0673842-3693910,2022-04-30,Shipped,Amazon,kurta,1,399.0,KARNATAKA,0.17940647482014388
405-0722232-7258752,2022-04-30,Shipped,Amazon,kurta,1,487.0,MADHYA PRADESH,0.2189748201438849
408-0224364-7467540,2022-04-30,Shipped,Amazon,Set,1,1033.0,DELHI,0.46447841726618705
408-2445040-0957913,2022-04-30,Shipped,Amazon,Top,1,625.0,KARNATAKA,0.2810251798561151
406-8412164-3153129,2022-04-30,Shipped,Amazon,Top,1,432.0,MAHARASHTRA,0.19424460431654678
407-5524319-6977912,2022-04-30,Cancelled,Amazon,kurta,0,0.0,KERALA,0.0
407-7757868-6086759,2022-04-30,Shipped,Amazon,Set,1,1115.0,DELHI,0.5013489208633094
171-5065107-7793119,2022-04-30,Shipped,Amazon,kurta,1,511.0,UTTAR PRADESH,0.2297661870503597
403-0216195-8439543,2022-04-30,Shipped,Amazon,Set,1,599.0,ODISHA,0.2693345323741007
402-9874837-4557125,2022-04-30,Shipped,Amazon,Top,1,545.0,MAHARASHTRA,0.24505395683453238
408-8892348-9765950,2022-04-30,Shipped,Amazon,kurta,1,353.0,MAHARASHTRA,0.15872302158273383
408-6417023-0253911,2022-04-30,Shipped,Amazon,Set,1,563.0,MAHARASHTRA,0.25314748201438847
407-4004149-2857161,2022-04-30,Shipped,Amazon,Top,1,487.0,MAHARASHTRA,0.2189748201438849
404-6408992-6781106,2022-04-30,Shipped,Amazon,kurta,1,352.0,TAMIL NADU,0.15827338129496402
407-9345273-2408359,2022-04-30,Shipped,Amazon,kurta,1,376.0,TAMIL NADU,0.16906474820143885
408-0266080-9401113,2022-04-30,Shipped - Returned to Seller,Merchant,Top,1,599.0,HARYANA,0.2693345323741007
404-6096382-3389133,2022-04-30,Shipped - Delivered to Buyer,Merchant,Blouse,1,329.0,PUNJAB,0.147931654676259
405-9737320-3923530,2022-04-30,Shipped,Amazon,Set,1,1133.0,GOA,0.5094424460431655
402-7908398-5262750,2022-04-30,Shipped,Amazon,Set,1,684.0,MANIPUR,0.30755395683453235
407-6861831-9368312,2022-04-30,Cancelled,Amazon,Set,0,0.0,ASSAM,0.0
406-4290163-4557960,2022-04-30,Cancelled,Amazon,kurta,1,435.0,TELANGANA,0.19559352517985612
405-9000587-4386763,2022-04-30,Shipped,Amazon,kurta,1,399.0,MAHARASHTRA,0.17940647482014388
405-9000587-4386763,2022-04-30,Shipped,Amazon,kurta,1,399.0,MAHARASHTRA,0.17940647482014388
404-7760595-7490722,2022-04-30,Cancelled,Amazon,kurta,1,399.0,KARNATAKA,0.17940647482014388
403-8206114-6438765,2022-04-30,Shipped,Amazon,Set,1,788.0,WEST BENGAL,0.35431654676258995
404-6734371-2217151,2022-04-30,Shipped - Delivered to Buyer,Merchant,kurta,1,549.0,KARNATAKA,0.2468525179856115
403-9844758-9663515,2022-04-30,Shipped,Amazon,Set,1,654.0,MAHARASHTRA,0.29406474820143885
402-1037282-5400318,2022-04-30,Shipped,Amazon,kurta,1,399.0,MAHARASHTRA,0.17940647482014388
408-6497115-2636366,2022-04-30,Shipped - Delivered to Buyer,Merchant,Set,1,599.0,TELANGANA,0.2693345323741007
408-2311178-4563550,2022-04-30,Shipped,Amazon,Set,1,874.0,TELANGANA,0.39298561151079137
171-7904830-1900363,2022-04-30,Shipped - Delivered to Buyer,Merchant,kurta,1,533.0,TELANGANA,0.23965827338129497
406-9476969-2801163,2022-04-30,Shipped,Amazon,kurta,1,399.0,KARNATAKA,0.17940647482014388
403-2867551-8904322,2022-04-30,Shipped,Amazon,Western Dress,1,744.0,KARNATAKA,0.3345323741007194
407-0133690-8157926,2022-04-30,Shipped,Amazon,kurta,1,499.0,Gujarat,0.2243705035971223
402-2892726-4411563,2022-04-30,Cancelled,Amazon,kurta,1,399.0,MAHARASHTRA,0.17940647482014388
402-9688522-2179563,2022-04-30,Shipped,Amazon,kurta,1,376.0,ANDHRA PRADESH,0.16906474820143885
404-7977517-7125147,2022-04-30,Shipped,Amazon,kurta,1,486.0,KARNATAKA,0.2185251798561151
403-4009455-2766717,2022-04-30,Shipped,Amazon,kurta,1,399.0,RAJASTHAN,0.17940647482014388
408-8960391-6097167,2022-04-30,Cancelled,Amazon,kurta,0,0.0,MAHARASHTRA,0.0
406-9811989-3946709,2022-04-30,Shipped,Amazon,kurta,1,424.0,MAHARASHTRA,0.1906474820143885
406-0361691-7797129,2022-04-30,Shipped - Delivered to Buyer,Merchant,kurta,1,362.0,MAHARASHTRA,0.16276978417266186
408-9628391-5712365,2022-04-30,Shipped,Amazon,Top,1,599.0,PUNJAB,0.2693345323741007
408-1587720-2667552,2022-04-30,Shipped,Amazon,Set,1,597.0,WEST BENGAL,0.26843525179856115
171-5980259-5726757,2022-04-30,Shipped,Amazon,Top,1,487.0,TELANGANA,0.2189748201438849
405-2266530-9531500,2022-04-30,Shipped - Delivered to Buyer,Merchant,Set,1,563.0,MAHARASHTRA,0.25314748201438847
408-3468189-1632369,2022-04-30,Shipped,Amazon,kurta,1,487.0,TAMIL NADU,0.2189748201438849
402-8199412-5613164,2022-04-30,Shipped,Amazon,Set,1,1099.0,MADHYA PRADESH,0.4941546762589928
406-8049367-7383569,2022-04-30,Shipped,Amazon,Set,1,654.0,HARYANA,0.29406474820143885
404-4084311-5014713,2022-04-30,Shipped,Amazon,kurta,1,329.0,TELANGANA,0.147931654676259
405-4491602-9761902,2022-04-30,Cancelled,Amazon,Western Dress,0,0.0,CHHATTISGARH,0.0
404-3973098-9107502,2022-04-30,Shipped,Amazon,Set,1,1186.0,ODISHA,0.533273381294964
404-8364446-3952321,2022-04-30,Shipped,Amazon,Western Dress,1,588.0,ANDHRA PRADESH,0.2643884892086331
408-4378624-3886712,2022-04-30,Cancelled,Amazon,kurta,0,0.0,UTTAR PRADESH,0.0
408-2058872-0942730,2022-04-30,Shipped,Amazon,kurta,1,329.0,ANDHRA PRADESH,0.147931654676259
408-2058872-0942730,2022-04-30,Shipped,Amazon,kurta,1,259.0,ANDHRA PRADESH,0.1164568345323741
404-5141245-7726736,2022-04-30,Shipped,Amazon,kurta,1,487.0,ANDHRA PRADESH,0.2189748201438849
405-5489495-6651552,2022-04-30,Shipped - Delivered to Buyer,Merchant,Set,1,549.0,UTTARAKHAND,0.2468525179856115
171-6816175-3049154,2022-04-30,Shipped,Amazon,Set,1,626.0,ANDHRA PRADESH,0.2814748201438849
408-7342331-1733136,2022-04-30,Cancelled,Amazon,kurta,0,0.0,MAHARASHTRA,0.0
402-1721558-6618710,2022-04-30,Cancelled,Merchant,kurta,0,570.48,TELANGANA,0.25651079136690647
406-2138801-8731538,2022-04-30,Shipped - Delivered to Buyer,Merchant,kurta,1,319.0,TAMIL NADU,0.14343525179856115
407-1271803-1705135,2022-04-30,Shipped,Amazon,Top,1,518.0,UTTAR PRADESH,0.2329136690647482
408-0666162-2209142,2022-04-30,Shipped,Amazon,Ethnic Dress,1,899.0,RAJASTHAN,0.40422661870503596
404-8344681-3468344,2022-04-30,Shipped,Amazon,Western Dress,1,807.0,UTTAR PRADESH,0.36285971223021585
405-5365766-8023559,2022-04-30,Shipped - Delivered to Buyer,Merchant,Top,1,463.0,TELANGANA,0.20818345323741008
405-2729845-2846741,2022-04-30,Shipped,Amazon,Set,1,653.0,KARNATAKA,0.29361510791366907
407-7312276-7007540,2022-04-30,Shipped,Amazon,Set,1,1140.0,DELHI,0.512589928057554
407-6910434-1793162,2022-04-30,Cancelled,Amazon,kurta,0,0.0,ODISHA,0.0
407-7361111-8973957,2022-04-30,Shipped,Amazon,Set,1,1260.0,UTTAR PRADESH,0.5665467625899281
406-2349830-7633129,2022-04-30,Shipped,Amazon,Set,1,909.0,TELANGANA,0.4087230215827338
404-0553710-6997951,2022-04-30,Cancelled,Amazon,kurta,0,0.0,Gujarat,0.0
404-5682813-1706729,2022-04-30,Shipped,Amazon,Set,1,968.0,DELHI,0.4352517985611511
171-0355946-6502712,2022-04-30,Shipped,Amazon,Set,1,788.0,MAHARASHTRA,0.35431654676258995
405-5141255-1451535,2022-04-30,Shipped,Amazon,Western Dress,1,771.0,WEST BENGAL,0.3466726618705036
402-4712282-7084353,2022-04-30,Shipped,Amazon,kurta,1,399.0,MAHARASHTRA,0.17940647482014388
408-4929717-0247504,2022-04-30,Shipped,Amazon,Set,1,888.0,ANDHRA PRADESH,0.39928057553956836
408-4929717-0247504,2022-04-30,Shipped,Amazon,Set,1,1221.0,ANDHRA PRADESH,0.5490107913669064
407-0903946-2097158,2022-04-30,Shipped,Amazon,kurta,1,399.0,KERALA,0.17940647482014388
403-3362230-0094739,2022-04-30,Shipped - Delivered to Buyer,Merchant,kurta,1,471.0,KARNATAKA,0.21178057553956833
404-2227887-7441969,2022-04-30,Shipped,Amazon,Set,1,545.0,MAHARASHTRA,0.24505395683453238
407-8016372-7101131,2022-04-30,Shipped,Amazon,Set,1,968.0,UTTAR PRADESH,0.4352517985611511
407-2520173-9985116,2022-04-30,Shipped,Amazon,kurta,1,499.0,Gujarat,0.2243705035971223
407-3257788-4892350,2022-04-30,Shipped,Amazon,kurta,1,399.0,ANDHRA PRADESH,0.17940647482014388
408-7201398-0382766,2022-04-30,Shipped,Amazon,kurta,1,399.0,Gujarat,0.17940647482014388
407-1181422-6183500,2022-04-30,Cancelled,Amazon,Set,0,0.0,KARNATAKA,0.0
408-6235816-9261123,2022-04-30,Cancelled,Amazon,kurta,1,471.0,KARNATAKA,0.21178057553956833
408-5823964-2421167,2022-04-30,Cancelled,Merchant,kurta,0,386.67,KARNATAKA,0.17386241007194245
408-2752424-0976355,2022-04-30,Cancelled,Merchant,kurta,0,452.38,BIHAR,0.20340827338129497
408-1221783-1443515,2022-04-30,Shipped,Amazon,Set,1,1112.0,MAHARASHTRA,0.5
404-3977029-4836363,2022-04-30,Cancelled,Amazon,Set,0,0.0,MAHARASHTRA,0.0
405-5018129-4536368,2022-04-30,Shipped,Amazon,kurta,1,517.0,KARNATAKA,0.23246402877697842
406-3787864-1268330,2022-04-30,Shipped,Amazon,kurta,1,329.0,MAHARASHTRA,0.147931654676259
171-8504713-0689107,2022-04-30,Shipped,Amazon,Western Dress,1,725.0,UTTAR PRADESH,0.32598920863309355
402-9564773-1029157,2022-04-30,Shipped,Amazon,kurta,1,363.0,RAJASTHAN,0.16321942446043167
405-4930362-9342759,2022-04-30,Shipped,Amazon,Set,1,666.0,ODISHA,0.2994604316546763
402-4976284-7401969,2022-04-30,Cancelled,Amazon,Set,0,0.0,HARYANA,0.0
404-7724638-9574745,2022-04-30,Cancelled,Amazon,Western Dress,1,588.0,ANDHRA PRADESH,0.2643884892086331
408-9182064-6638723,2022-04-30,Shipped,Amazon,Set,1,449.0,TAMIL NADU,0.2018884892086331
171-9163388-0505130,2022-04-30,Shipped,Amazon,Set,1,696.0,WEST BENGAL,0.3129496402877698
171-4737030-9245958,2022-04-30,Shipped,Amazon,kurta,1,459.0,HIMACHAL PRADESH,0.20638489208633093
402-3889665-2309117,2022-04-30,Shipped - Delivered to Buyer,Merchant,Top,1,625.0,MAHARASHTRA,0.2810251798561151
404-0489249-5004350,2022-04-30,Shipped,Amazon,Set,1,654.0,UTTAR PRADESH,0.29406474820143885
402-5795462-7785129,2022-04-30,Shipped,Amazon,kurta,1,399.0,MAHARASHTRA,0.17940647482014388
402-1771710-8988341,2022-04-30,Shipped,Amazon,Set,1,595.0,TAMIL NADU,0.2675359712230216
407-8782240-5186712,2022-04-30,Shipped,Amazon,Set,1,597.0,MAHARASHTRA,0.26843525179856115
406-1146171-5116306,2022-04-30,Shipped,Amazon,Set,1,582.0,DELHI,0.26169064748201437
405-4454054-5598720,2022-04-30,Shipped,Amazon,Set,1,612.0,MAHARASHTRA,0.2751798561151079
405-0904566-9930731,2022-04-30,Shipped,Amazon,Set,1,654.0,UTTAR PRADESH,0.29406474820143885
405-2826187-6916328,2022-04-30,Shipped - Delivered to Buyer,Merchant,Top,1,518.0,DELHI,0.2329136690647482
404-5926144-0737167,2022-04-30,Shipped,Amazon,Set,1,820.0,MADHYA PRADESH,0.368705035971223
407-0010438-9058746,2022-04-30,Shipped,Amazon,Set,1,801.0,UTTAR PRADESH,0.3601618705035971
405-7730926-6032325,2022-04-30,Cancelled,Merchant,kurta,0,0.0,UTTAR PRADESH,0.0
171-6907664-7672347,2022-04-30,Shipped,Amazon,kurta,1,399.0,MAHARASHTRA,0.17940647482014388
404-0072596-3665116,2022-04-30,Shipped,Amazon,Top,1,540.0,KERALA,0.24280575539568344
408-3892272-6235562,2022-04-30,Shipped,Amazon,Top,1,540.0,WEST BENGAL,0.24280575539568344
171-9584070-4172351,2022-04-30,Shipped,Amazon,Top,1,625.0,TELANGANA,0.2810251798561151
402-1220435-6391519,2022-04-30,Shipped - Delivered to Buyer,Merchant,kurta,1,364.0,MAHARASHTRA,0.16366906474820145
404-5137687-4471546,2022-04-30,Shipped,Amazon,kurta,1,429.0,CHHATTISGARH,0.1928956834532374
171-0065908-0641927,2022-04-30,Cancelled,Amazon,Western Dress,1,899.0,KARNATAKA,0.40422661870503596
403-3416641-9569165,2022-04-30,Cancelled,Amazon,Set,0,0.0,PUNJAB,0.0
404-1694926-5861958,2022-04-30,Shipped,Amazon,Set,1,1126.0,ODISHA,0.5062949640287769
402-5767256-6281114,2022-04-30,Shipped,Amazon,Set,1,788.0,KARNATAKA,0.35431654676258995
403-3410267-0750719,2022-04-30,Shipped,Amazon,Top,1,432.0,MAHARASHTRA,0.19424460431654678
403-9122678-2549117,2022-04-30,Shipped,Amazon,kurta,1,376.0,TELANGANA,0.16906474820143885
402-7676083-2016323,2022-04-30,Shipped,Amazon,Western Dress,1,725.0,TELANGANA,0.32598920863309355
404-7830524-8312347,2022-04-30,Shipped,Amazon,Western Dress,1,744.0,TELANGANA,0.3345323741007194
402-5917367-0340362,2022-04-30,Shipped - Delivered to Buyer,Merchant,Western Dress,1,825.0,Gujarat,0.37095323741007197
408-7154712-8009957,2022-04-30,Shipped,Amazon,kurta,1,399.0,TAMIL NADU,0.17940647482014388
402-6250862-8853945,2022-04-30,Shipped,Amazon,Set,1,1213.0,TRIPURA,0.5454136690647482
406-0002738-2742749,2022-04-30,Shipped,Amazon,Set,1,680.0,RAJASTHAN,0.3057553956834532
403-6658095-6765934,2022-04-30,Shipped - Delivered to Buyer,Merchant,kurta,1,568.0,HARYANA,0.25539568345323743
402-7304691-3952343,2022-04-30,Shipped,Amazon,Set,1,939.0,TELANGANA,0.4222122302158273
407-6959497-7065133,2022-04-30,Shipped,Amazon,Top,1,279.0,KARNATAKA,0.12544964028776978
406-0117804-3287554,2022-04-30,Shipped,Amazon,kurta,1,487.0,JHARKHAND,0.2189748201438849
407-9183800-1013951,2022-04-30,Shipped,Amazon,kurta,1,458.0,Gujarat,0.20593525179856115
405-0930056-6437111,2022-04-30,Shipped,Amazon,kurta,1,692.0,UTTAR PRADESH,0.31115107913669066
405-7472210-7516334,2022-04-30,Shipped,Amazon,Top,1,469.0,TELANGANA,0.21088129496402877
408-4366006-6437145,2022-04-30,Shipped,Amazon,kurta,1,399.0,UTTAR PRADESH,0.17940647482014388
403-3676854-5721945,2022-04-30,Shipped,Amazon,Set,1,599.0,UTTAR PRADESH,0.2693345323741007
408-6618566-0057120,2022-04-30,Shipped,Amazon,Set,1,680.0,KARNATAKA,0.3057553956834532
171-7822891-4076363,2022-04-30,Cancelled,Amazon,Set,0,0.0,GOA,0.0
406-3015774-3032307,2022-04-30,Shipped,Amazon,Saree,1,989.0,Gujarat,0.44469424460431656
407-8925293-2306747,2022-04-30,Shipped - Delivered to Buyer,Merchant,Set,1,1099.0,JAMMU & KASHMIR,0.4941546762589928
402-7386453-2621962,2022-04-30,Shipped,Amazon,Western Dress,1,588.0,MAHARASHTRA,0.2643884892086331
405-7939580-3974740,2022-04-30,Cancelled,Amazon,Set,1,999.0,UTTAR PRADESH,0.44919064748201437
402-1304000-3677964,2022-04-30,Shipped,Amazon,kurta,1,487.0,TELANGANA,0.2189748201438849
403-7294367-8346767,2022-04-30,Shipped,Amazon,Set,1,653.0,ANDHRA PRADESH,0.29361510791366907
403-7294367-8346767,2022-04-30,Shipped,Amazon,Set,1,496.0,ANDHRA PRADESH,0.22302158273381295
406-3069661-8992322,2022-04-30,Shipped,Amazon,kurta,1,319.0,UTTAR PRADESH,0.14343525179856115
405-6917473-7822701,2022-04-30,Cancelled,Amazon,Set,0,0.0,TELANGANA,0.0
405-2853362-9249968,2022-04-30,Shipped,Amazon,Set,1,1112.0,KARNATAKA,0.5
408-5685967-2798764,2022-04-30,Shipped,Amazon,kurta,1,517.0,UTTAR PRADESH,0.23246402877697842
407-1521483-6236364,2022-04-30,Shipped,Amazon,Set,1,597.0,TAMIL NADU,0.26843525179856115
407-3192826-3199543,2022-04-30,Shipped,Amazon,Set,1,1099.0,PUNJAB,0.4941546762589928
405-6680529-6046716,2022-04-30,Shipped,Amazon,kurta,1,375.0,DELHI,0.16861510791366907
407-3789221-2643524,2022-04-30,Shipped,Amazon,kurta,1,517.0,TAMIL NADU,0.23246402877697842
171-0201364-0214715,2022-04-30,Shipped,Amazon,Set,1,692.0,RAJASTHAN,0.31115107913669066
404-5782230-8762723,2022-04-30,Shipped,Amazon,kurta,1,486.0,MAHARASHTRA,0.2185251798561151
404-2222453-6739538,2022-04-30,Shipped - Delivered to Buyer,Merchant,Set,1,696.0,MAHARASHTRA,0.3129496402877698
408-7009060-8830716,2022-04-30,Shipped,Amazon,Set,1,1115.0,KERALA,0.5013489208633094
402-3663529-2350713,2022-04-30,Shipped,Amazon,Set,1,597.0,UTTAR PRADESH,0.26843525179856115
406-6439645-8186752,2022-04-30,Shipped,Amazon,Set,1,1115.0,MANIPUR,0.5013489208633094
407-1487637-6585969,2022-04-30,Cancelled,Amazon,kurta,1,329.0,TAMIL NADU,0.147931654676259
407-0632004-8093157,2022-04-30,Cancelled,Amazon,kurta,1,318.0,TAMIL NADU,0.14298561151079137
402-9211704-8331565,2022-04-30,Shipped - Delivered to Buyer,Merchant,kurta,1,499.0,TAMIL NADU,0.2243705035971223
402-3020801-9225151,2022-04-30,Cancelled,Amazon,Set,1,597.0,KERALA,0.26843525179856115
403-3917470-4280308,2022-04-30,Shipped - Delivered to Buyer,Merchant,kurta,1,487.0,TAMIL NADU,0.2189748201438849
403-3917470-4280308,2022-04-30,Shipped - Delivered to Buyer,Merchant,kurta,1,363.0,TAMIL NADU,0.16321942446043167
171-2628906-0061939,2022-04-30,Shipped,Amazon,kurta,1,459.0,DELHI,0.20638489208633093
406-3009249-7653118,2022-04-30,Shipped,Amazon,kurta,1,486.0,ANDHRA PRADESH,0.2185251798561151
171-6395980-8828309,2022-04-30,Shipped,Amazon,kurta,1,568.0,ANDHRA PRADESH,0.25539568345323743
404-1435490-1121140,2022-04-30,Shipped - Delivered to Buyer,Merchant,kurta,1,562.0,KARNATAKA,0.2526978417266187
402-7913336-9467565,2022-04-30,Shipped,Amazon,Set,1,995.0,UTTAR PRADESH,0.44739208633093525
408-7264030-5002700,2022-04-30,Cancelled,Amazon,Set,1,1112.0,BIHAR,0.5
408-9019983-8862750,2022-04-30,Shipped,Amazon,Set,1,635.0,DELHI,0.28552158273381295
405-1990663-9192363,2022-04-30,Shipped,Amazon,kurta,1,399.0,UTTARAKHAND,0.17940647482014388
403-5876876-0701925,2022-04-30,Shipped,Amazon,kurta,1,363.0,TAMIL NADU,0.16321942446043167
405-1437048-4974713,2022-04-30,Cancelled,Amazon,Set,0,0.0,JHARKHAND,0.0
402-9348518-5984354,2022-04-30,Cancelled,Amazon,kurta,0,0.0,RAJASTHAN,0.0
402-9348518-5984354,2022-04-30,Cancelled,Amazon,kurta,0,0.0,RAJASTHAN,0.0
406-8892825-4377127,2022-04-30,Cancelled,Amazon,Set,0,0.0,HARYANA,0.0
406-7955475-7819507,2022-04-30,Shipped,Amazon,kurta,1,458.0,KARNATAKA,0.20593525179856115
405-6675358-3715504,2022-04-30,Shipped,Amazon,Set,1,597.0,MAHARASHTRA,0.26843525179856115
171-7920358-6691543,2022-04-30,Shipped,Amazon,Set,1,597.0,KARNATAKA,0.26843525179856115
406-7722012-4093964,2022-04-30,Shipped - Delivered to Buyer,Merchant,kurta,1,1249.0,MADHYA PRADESH,0.5616007194244604
408-7616878-8551517,2022-04-30,Shipped,Amazon,Set,1,801.0,PUNJAB,0.3601618705035971
408-8068196-8707526,2022-04-30,Cancelled,Amazon,kurta,0,0.0,MAHARASHTRA,0.0
407-2512537-5717124,2022-04-30,Shipped,Amazon,kurta,1,393.0,KARNATAKA,0.1767086330935252
406-3257301-5556318,2022-04-30,Shipped,Amazon,Western Dress,1,744.0,TAMIL NADU,0.3345323741007194
402-7784273-3159533,2022-04-30,Shipped,Amazon,Top,1,540.0,RAJASTHAN,0.24280575539568344
403-9745522-7408318,2022-04-30,Shipped,Amazon,Set,1,696.0,ODISHA,0.3129496402877698
405-7523500-6097912,2022-04-30,Shipped,Amazon,Top,1,512.0,WEST BENGAL,0.2302158273381295
171-0947491-1860302,2022-04-30,Shipped,Amazon,Set,1,922.0,MAHARASHTRA,0.414568345323741
407-9614308-2636322,2022-04-30,Shipped,Amazon,Set,1,818.0,ANDHRA PRADESH,0.36780575539568344
402-0721169-8180327,2022-04-30,Shipped,Amazon,Set,1,1112.0,WEST BENGAL,0.5
406-9129776-9779513,2022-04-30,Shipped,Amazon,Set,1,792.0,HIMACHAL PRADESH,0.35611510791366907
406-4276465-0364334,2022-04-30,Shipped,Amazon,Set,1,824.0,DELHI,0.37050359712230213
402-8123545-4535558,2022-04-30,Cancelled,Merchant,kurta,0,358.1,TAMIL NADU,0.16101618705035972
408-0987613-5525924,2022-04-30,Cancelled,Amazon,Set,0,0.0,BIHAR,0.0
406-0038568-0852338,2022-04-30,Shipped,Amazon,Set,1,759.0,WEST BENGAL,0.3412769784172662
403-5684700-6277902,2022-04-30,Shipped,Amazon,Western Dress,1,744.0,TELANGANA,0.3345323741007194
403-2561797-6193141,2022-04-30,Shipped,Amazon,Set,1,1140.0,WEST BENGAL,0.512589928057554
406-4980665-9833930,2022-04-30,Shipped,Amazon,Western Dress,1,625.0,TELANGANA,0.2810251798561151
405-9201316-2870743,2022-04-30,Shipped - Delivered to Buyer,Merchant,Top,1,518.0,MAHARASHTRA,0.2329136690647482
408-7966317-7457928,2022-04-30,Shipped - Delivered to Buyer,Merchant,Set,1,759.0,DELHI,0.3412769784172662
171-0983521-4425145,2022-04-30,Shipped,Amazon,Western Dress,1,744.0,TELANGANA,0.3345323741007194
403-5847066-2369918,2022-04-30,Shipped,Amazon,Set,1,1112.0,UTTAR PRADESH,0.5
404-9771516-3764302,2022-04-30,Shipped,Amazon,Set,1,1140.0,WEST BENGAL,0.512589928057554
405-0534257-8109938,2022-04-30,Shipped,Amazon,kurta,1,486.0,DELHI,0.2185251798561151
171-5702903-4981901,2022-04-30,Shipped - Delivered to Buyer,Merchant,Set,1,888.0,UTTAR PRADESH,0.39928057553956836
406-6474243-1265115,2022-04-30,Shipped,Amazon,Set,1,666.0,LADAKH,0.2994604316546763
405-3523941-5355524,2022-04-30,Shipped - Delivered to Buyer,Merchant,kurta,1,487.0,TELANGANA,0.2189748201438849
405-3523941-5355524,2022-04-30,Shipped - Delivered to Buyer,Merchant,Set,1,597.0,TELANGANA,0.26843525179856115
403-5082537-8368348,2022-04-30,Shipped - Delivered to Buyer,Merchant,kurta,1,363.0,KARNATAKA,0.16321942446043167
408-5947919-3506726,2022-04-30,Shipped,Amazon,Top,1,512.0,MAHARASHTRA,0.2302158273381295
408-6114783-6199528,2022-04-30,Shipped,Amazon,Western Dress,1,377.0,UTTAR PRADESH,0.16951438848920863
408-6114783-6199528,2022-04-30,Shipped,Amazon,Western Dress,1,377.0,UTTAR PRADESH,0.16951438848920863
408-9630926-2785104,2022-04-30,Cancelled,Amazon,Set,0,0.0,ODISHA,0.0
403-5342526-7867558,2022-04-30,Cancelled,Merchant,kurta,0,0.0,HARYANA,0.0
404-2255125-4533134,2022-04-30,Shipped,Amazon,Set,1,967.0,TAMIL NADU,0.4348021582733813
171-5594281-0212357,2022-04-30,Shipped - Delivered to Buyer,Merchant,Set,1,788.0,MEGHALAYA,0.35431654676258995
405-6041428-1576346,2022-04-30,Cancelled,Amazon,Set,0,0.0,HARYANA,0.0
405-5933927-3375545,2022-04-30,Cancelled,Merchant,Set,0,1058.93,HARYANA,0.4761375899280576
405-5933927-3375545,2022-04-30,Cancelled,Merchant,Set,0,1249.11,HARYANA,0.5616501798561151
405-3785331-3948333,2022-04-30,Shipped,Amazon,Set,1,597.0,TELANGANA,0.26843525179856115
404-8711304-7038702,2022-04-30,Shipped,Amazon,Set,1,1112.0,TELANGANA,0.5
405-2872303-9941933,2022-04-30,Cancelled,Merchant,kurta,0,700.96,Gujarat,0.3151798561151079
402-6464284-9643538,2022-04-30,Shipped,Amazon,Set,1,1213.0,UTTAR PRADESH,0.5454136690647482
405-7534473-2900341,2022-04-30,Shipped,Amazon,kurta,1,517.0,ODISHA,0.23246402877697842
407-2944929-6438702,2022-04-30,Shipped - Delivered to Buyer,Merchant,Set,1,662.0,ANDHRA PRADESH,0.2976618705035971
171-0362861-1228360,2022-04-30,Shipped,Amazon,kurta,1,568.0,ANDHRA PRADESH,0.25539568345323743
404-5775216-5570767,2022-04-30,Shipped,Amazon,kurta,1,476.0,RAJASTHAN,0.21402877697841727
171-2754000-1881907,2022-04-30,Shipped - Delivered to Buyer,Merchant,kurta,1,316.0,KARNATAKA,0.1420863309352518
408-2784061-1695540,2022-04-30,Shipped,Amazon,kurta,1,486.0,HIMACHAL PRADESH,0.2185251798561151
403-8794854-0523518,2022-04-30,Shipped,Amazon,kurta,1,517.0,TELANGANA,0.23246402877697842
404-4680896-8003501,2022-04-30,Cancelled,Amazon,Set,1,1186.0,MAHARASHTRA,0.533273381294964
405-8314081-3929157,2022-04-30,Shipped,Amazon,kurta,1,376.0,TELANGANA,0.16906474820143885
406-1694518-5618746,2022-04-30,Cancelled,Amazon,Top,0,0.0,CHHATTISGARH,0.0
408-5094125-1397968,2022-04-30,Shipped,Amazon,Set,1,715.0,DELHI,0.3214928057553957
402-6569321-5308311,2022-04-30,Shipped,Amazon,Set,1,1065.0,MAHARASHTRA,0.47886690647482016
406-5828889-4813915,2022-04-30,Shipped,Amazon,Western Dress,1,744.0,UTTAR PRADESH,0.3345323741007194
402-4832715-9188334,2022-04-30,Shipped,Amazon,kurta,1,399.0,WEST BENGAL,0.17940647482014388
408-9898972-5365901,2022-04-30,Shipped - Delivered to Buyer,Merchant,Set,1,1099.0,TELANGANA,0.4941546762589928
408-7275140-3593905,2022-04-30,Shipped,Amazon,Western Dress,1,744.0,MAHARASHTRA,0.3345323741007194
405-7907546-1330739,2022-04-30,Shipped,Amazon,kurta,1,329.0,DADRA AND NAGAR,0.147931654676259
405-7732656-4733913,2022-04-30,Shipped - Delivered to Buyer,Merchant,kurta,1,362.0,DADRA AND NAGAR,0.16276978417266186
405-7732656-4733913,2022-04-30,Shipped - Delivered to Buyer,Merchant,kurta,1,342.0,DADRA AND NAGAR,0.15377697841726617
405-7732656-4733913,2022-04-30,Shipped - Delivered to Buyer,Merchant,kurta,1,363.0,DADRA AND NAGAR,0.16321942446043167
171-5431988-8713937,2022-04-30,Shipped,Amazon,kurta,1,459.0,MAHARASHTRA,0.20638489208633093
171-6687746-4020351,2022-04-30,Shipped,Amazon,Set,1,888.0,UTTAR PRADESH,0.39928057553956836
403-3045245-2207560,2022-04-30,Shipped,Amazon,kurta,1,376.0,DELHI,0.16906474820143885
405-4991185-1773106,2022-04-30,Shipped,Amazon,Set,1,599.0,MAHARASHTRA,0.2693345323741007
403-6782192-8968326,2022-04-30,Shipped,Amazon,Set,1,916.0,TAMIL NADU,0.4118705035971223
171-6640050-9516349,2022-04-30,Shipped,Amazon,kurta,1,329.0,TAMIL NADU,0.147931654676259
402-5014156-9264316,2022-04-30,Cancelled,Amazon,kurta,0,0.0,TELANGANA,0.0
408-8342548-5107567,2022-04-30,Shipped,Amazon,Set,1,626.0,HIMACHAL PRADESH,0.2814748201438849
404-7769149-3935539,2022-04-30,Shipped,Amazon,Western Dress,1,725.0,WEST BENGAL,0.32598920863309355
402-5903377-6817119,2022-04-30,Cancelled,Amazon,kurta,0,0.0,KARNATAKA,0.0
405-6584819-2669165,2022-04-30,Shipped,Amazon,Set,1,1112.0,RAJASTHAN,0.5
405-9099443-7445111,2022-04-30,Cancelled,Amazon,Set,0,0.0,UTTAR PRADESH,0.0
408-3810333-4165930,2022-04-30,Shipped - Delivered to Buyer,Merchant,kurta,1,329.0,DELHI,0.147931654676259
405-0881145-7742744,2022-04-30,Shipped,Amazon,Top,1,487.0,TELANGANA,0.2189748201438849
403-7153786-2898705,2022-04-30,Shipped,Amazon,Set,1,801.0,MADHYA PRADESH,0.3601618705035971
408-2042136-9817130,2022-04-30,Shipped,Amazon,kurta,1,352.0,KARNATAKA,0.15827338129496402
408-2042136-9817130,2022-04-30,Shipped,Amazon,kurta,1,442.0,KARNATAKA,0.19874100719424462
407-8176931-5052349,2022-04-30,Cancelled,Merchant,kurta,0,280.95,TAMIL NADU,0.12632643884892086
407-3305249-3442711,2022-04-30,Cancelled,Amazon,kurta,1,283.0,TAMIL NADU,0.12724820143884893
403-5215681-9527524,2022-04-30,Shipped,Amazon,Set,1,654.0,ANDHRA PRADESH,0.29406474820143885
408-3749874-2210712,2022-04-30,Shipped,Amazon,kurta,1,399.0,ASSAM,0.17940647482014388
406-6143137-4946754,2022-04-30,Shipped,Amazon,Blouse,1,419.0,TELANGANA,0.18839928057553956
403-3797724-0896348,2022-04-30,Shipped,Amazon,Set,1,654.0,MAHARASHTRA,0.29406474820143885
407-3778695-8884327,2022-04-30,Shipped,Amazon,Western Dress,1,744.0,KARNATAKA,0.3345323741007194
402-6454286-3321909,2022-04-30,Shipped - Delivered to Buyer,Merchant,kurta,1,399.0,WEST BENGAL,0.17940647482014388
402-9138974-2250726,2022-04-30,Shipped,Amazon,kurta,1,452.0,WEST BENGAL,0.20323741007194246
402-9138974-2250726,2022-04-30,Shipped,Amazon,kurta,1,499.0,WEST BENGAL,0.2243705035971223
408-4193711-8156307,2022-04-30,Shipped - Delivered to Buyer,Merchant,Blouse,1,0.0,ASSAM,0.0
404-5546156-4947565,2022-04-30,Shipped - Delivered to Buyer,Merchant,kurta,1,471.0,Gujarat,0.21178057553956833
408-0902233-8069950,2022-04-30,Shipped - Returned to Seller,Merchant,kurta,1,0.0,KARNATAKA,0.0
171-7821391-2118700,2022-04-30,Shipped,Amazon,kurta,1,431.0,KERALA,0.19379496402877697
171-3764328-7297105,2022-04-30,Shipped,Amazon,kurta,1,511.0,KERALA,0.2297661870503597
406-4317049-7021127,2022-04-30,Shipped,Amazon,kurta,1,517.0,UTTAR PRADESH,0.23246402877697842
408-0738576-5377963,2022-04-30,Shipped,Amazon,kurta,1,399.0,TELANGANA,0.17940647482014388
171-6112262-4294731,2022-04-30,Cancelled,Amazon,kurta,0,0.0,KERALA,0.0
402-0069978-7444377,2022-04-30,Shipped - Delivered to Buyer,Merchant,kurta,1,399.0,TELANGANA,0.17940647482014388
407-6451607-8520320,2022-04-30,Shipped,Amazon,Set,1,788.0,DELHI,0.35431654676258995
407-6825420-7253915,2022-04-30,Cancelled,Merchant,Top,0,493.33,MAHARASHTRA,0.2218210431654676
171-2497796-8649164,2022-04-30,Shipped,Amazon,Set,1,597.0,TELANGANA,0.26843525179856115
405-3921640-0927553,2022-04-30,Shipped - Delivered to Buyer,Merchant,Set,1,666.0,MAHARASHTRA,0.2994604316546763
402-8291421-3780342,2022-04-30,Shipped,Amazon,Set,1,1112.0,JHARKHAND,0.5
402-8291421-3780342,2022-04-30,Shipped,Amazon,Set,1,696.0,JHARKHAND,0.3129496402877698
407-4549939-3485945,2022-04-30,Shipped,Amazon,Set,1,499.0,MAHARASHTRA,0.2243705035971223
403-3597087-4521139,2022-04-30,Shipped,Amazon,kurta,1,414.0,KARNATAKA,0.18615107913669066
171-9016873-6719541,2022-04-30,Shipped,Amazon,Set,1,1099.0,UTTAR PRADESH,0.4941546762589928
171-3693730-4530754,2022-04-30,Cancelled,Amazon,Set,0,0.0,WEST BENGAL,0.0
404-0541321-3023502,2022-04-30,Shipped,Amazon,Set,1,653.0,MAHARASHTRA,0.29361510791366907
402-1600884-0332308,2022-04-30,Shipped,Amazon,kurta,1,352.0,ODISHA,0.15827338129496402
402-0229417-2609936,2022-04-30,Shipped,Amazon,Western Dress,1,744.0,KARNATAKA,0.3345323741007194
403-0131049-2132337,2022-04-30,Shipped,Amazon,kurta,1,399.0,DELHI,0.17940647482014388
171-0211853-1251554,2022-04-30,Shipped - Delivered to Buyer,Merchant,Set,1,1173.0,BIHAR,0.5274280575539568
404-3699924-2837921,2022-04-30,Shipped - Delivered to Buyer,Merchant,kurta,1,459.0,KARNATAKA,0.20638489208633093
405-0457160-2123517,2022-04-30,Shipped,Amazon,Set,1,922.0,TAMIL NADU,0.414568345323741
408-6862973-4520309,2022-04-30,Shipped,Amazon,Set,1,653.0,MAHARASHTRA,0.29361510791366907
171-7679971-0310752,2022-04-30,Cancelled,Amazon,kurta,1,363.0,TELANGANA,0.16321942446043167
171-3669717-3172330,2022-04-30,Shipped,Amazon,kurta,1,499.0,RAJASTHAN,0.2243705035971223
403-9724686-7777903,2022-04-30,Shipped,Amazon,kurta,1,486.0,Gujarat,0.2185251798561151
403-8306900-1833930,2022-04-30,Shipped - Delivered to Buyer,Merchant,kurta,1,692.0,Gujarat,0.31115107913669066
403-1962150-0618711,2022-04-30,Shipped,Amazon,kurta,1,295.0,TAMIL NADU,0.13264388489208634
403-1632972-2861963,2022-04-30,Shipped - Delivered to Buyer,Merchant,kurta,1,363.0,TAMIL NADU,0.16321942446043167
403-9533906-1728355,2022-04-30,Shipped,Amazon,kurta,1,399.0,PUNJAB,0.17940647482014388
171-1269122-8425943,2022-04-30,Shipped,Amazon,Set,1,950.0,ANDHRA PRADESH,0.427158273381295
171-2937341-8703561,2022-04-30,Shipped,Amazon,kurta,1,399.0,KERALA,0.17940647482014388
406-5206188-8892351,2022-04-30,Shipped,Amazon,Western Dress,1,625.0,ANDHRA PRADESH,0.2810251798561151
405-5228379-1065951,2022-04-30,Shipped,Amazon,Set,1,1115.0,WEST BENGAL,0.5013489208633094
406-3236326-4964331,2022-04-30,Shipped - Delivered to Buyer,Merchant,kurta,1,666.0,MAHARASHTRA,0.2994604316546763
408-3364449-3401947,2022-04-30,Cancelled,Amazon,Set,0,0.0,MAHARASHTRA,0.0
402-7682157-9147503,2022-04-30,Shipped - Delivered to Buyer,Merchant,Set,1,696.0,TELANGANA,0.3129496402877698
405-1515003-2007535,2022-04-30,Shipped,Amazon,Top,1,519.0,TELANGANA,0.23336330935251798
408-8569813-9288333,2022-04-30,Shipped - Delivered to Buyer,Merchant,Set,1,1199.0,MADHYA PRADESH,0.5391187050359713
404-0867714-0772302,2022-04-30,Shipped,Amazon,Set,1,563.0,TAMIL NADU,0.25314748201438847
404-0867714-0772302,2022-04-30,Shipped,Amazon,kurta,1,399.0,TAMIL NADU,0.17940647482014388
404-0867714-0772302,2022-04-30,Shipped,Amazon,kurta,1,487.0,TAMIL NADU,0.2189748201438849
402-1704468-7240327,2022-04-30,Shipped - Delivered to Buyer,Merchant,kurta,1,568.0,TAMIL NADU,0.25539568345323743
406-5757669-2996307,2022-04-30,Shipped,Amazon,kurta,1,399.0,MAHARASHTRA,0.17940647482014388
407-1492215-2982709,2022-04-30,Shipped,Amazon,kurta,1,291.0,DELHI,0.13084532374100719
171-2119982-7294757,2022-04-30,Shipped,Amazon,Western Dress,1,744.0,UTTAR PRADESH,0.3345323741007194
407-1684475-5197113,2022-04-30,Shipped,Amazon,Set,1,696.0,MAHARASHTRA,0.3129496402877698
404-4568279-0273125,2022-04-30,Shipped,Amazon,Top,1,463.0,HARYANA,0.20818345323741008
403-9752008-2541919,2022-04-30,Cancelled,Merchant,Top,0,469.52,MAHARASHTRA,0.21111510791366905
403-3896686-3972343,2022-04-30,Shipped,Amazon,Top,1,339.0,MAHARASHTRA,0.15242805755395683
408-5238024-3207538,2022-04-30,Shipped - Delivered to Buyer,Merchant,Set,1,680.0,TELANGANA,0.3057553956834532
403-9336057-8075519,2022-04-30,Shipped,Amazon,Set,1,759.0,HARYANA,0.3412769784172662
406-6070472-3313109,2022-04-30,Shipped,Amazon,Set,1,626.0,KERALA,0.2814748201438849
407-0828621-5564309,2022-04-30,Shipped - Delivered to Buyer,Merchant,kurta,1,399.0,UTTARAKHAND,0.17940647482014388
402-7281943-2634753,2022-04-30,Shipped,Amazon,Top,1,599.0,MAHARASHTRA,0.2693345323741007
408-3364643-8111517,2022-04-30,Shipped,Amazon,kurta,1,399.0,DELHI,0.17940647482014388
402-9327280-6831502,2022-04-30,Shipped,Amazon,Set,1,599.0,KARNATAKA,0.2693345323741007
405-8803159-2662729,2022-04-30,Shipped,Amazon,kurta,1,291.0,KARNATAKA,0.13084532374100719
405-8803159-2662729,2022-04-30,Shipped,Amazon,kurta,1,276.0,KARNATAKA,0.12410071942446044
405-8803159-2662729,2022-04-30,Shipped,Amazon,Set,1,626.0,KARNATAKA,0.2814748201438849
405-8803159-2662729,2022-04-30,Shipped,Amazon,kurta,1,283.0,KARNATAKA,0.12724820143884893
405-3441275-4039543,2022-04-30,Shipped - Delivered to Buyer,Merchant,Western Dress,1,725.0,KARNATAKA,0.32598920863309355
405-3441275-4039543,2022-04-30,Shipped - Delivered to Buyer,Merchant,kurta,1,295.0,KARNATAKA,0.13264388489208634
406-2890663-9523509,2022-04-30,Shipped,Amazon,kurta,1,518.0,KARNATAKA,0.2329136690647482
402-1430516-9436331,2022-04-30,Shipped,Amazon,kurta,1,399.0,UTTAR PRADESH,0.17940647482014388
171-7949350-6828319,2022-04-30,Shipped,Amazon,Set,1,852.0,TAMIL NADU,0.3830935251798561
171-2964083-5815566,2022-04-30,Shipped,Amazon,Set,1,568.0,UTTAR PRADESH,0.25539568345323743
406-9789934-2845967,2022-04-30,Shipped,Amazon,Western Dress,1,771.0,TELANGANA,0.3466726618705036
404-9635079-7600310,2022-04-30,Shipped,Amazon,Top,1,540.0,JHARKHAND,0.24280575539568344
171-6983189-6050757,2022-04-30,Shipped,Amazon,Set,1,1112.0,ASSAM,0.5
171-6983189-6050757,2022-04-30,Shipped,Amazon,kurta,1,518.0,ASSAM,0.2329136690647482
171-3884714-3945906,2022-04-30,Shipped,Amazon,Set,1,1115.0,MAHARASHTRA,0.5013489208633094
171-3884714-3945906,2022-04-30,Shipped,Amazon,Set,1,1112.0,MAHARASHTRA,0.5
171-3884714-3945906,2022-04-30,Shipped,Amazon,kurta,1,399.0,MAHARASHTRA,0.17940647482014388
405-1693679-3068331,2022-04-30,Shipped,Amazon,kurta,1,476.0,KERALA,0.21402877697841727
402-4804971-8591532,2022-04-30,Shipped - Delivered to Buyer,Merchant,kurta,1,499.0,DELHI,0.2243705035971223
402-4804971-8591532,2022-04-30,Shipped - Delivered to Buyer,Merchant,Top,1,518.0,DELHI,0.2329136690647482
405-1597244-8205967,2022-04-30,Shipped,Amazon,kurta,1,486.0,DELHI,0.2185251798561151
403-9610979-2949958,2022-04-30,Shipped,Amazon,kurta,1,399.0,WEST BENGAL,0.17940647482014388
405-1911317-3604322,2022-04-30,Shipped,Amazon,Set,1,1260.0,MANIPUR,0.5665467625899281
404-7251284-9387528,2022-04-30,Shipped,Amazon,Top,1,399.0,UTTAR PRADESH,0.17940647482014388
403-4512253-4789948,2022-04-30,Shipped,Amazon,Set,1,852.0,ANDHRA PRADESH,0.3830935251798561
408-1348466-1321955,2022-04-30,Cancelled,Merchant,kurta,0,0.0,KARNATAKA,0.0
171-0490216-5028364,2022-04-30,Shipped,Amazon,kurta,1,487.0,KERALA,0.2189748201438849
406-5421335-3440327,2022-04-30,Cancelled,Amazon,Set,0,0.0,UTTAR PRADESH,0.0
405-6836135-6312327,2022-04-30,Shipped - Delivered to Buyer,Merchant,Western Dress,1,413.0,MAHARASHTRA,0.18570143884892087
171-0689935-4850722,2022-04-30,Shipped,Amazon,Set,1,788.0,WEST BENGAL,0.35431654676258995
403-9835374-1565102,2022-04-30,Shipped - Delivered to Buyer,Merchant,Set,1,1186.0,WEST BENGAL,0.533273381294964
403-8625708-2309901,2022-04-30,Shipped,Amazon,Top,1,396.0,WEST BENGAL,0.17805755395683454
403-6616419-0658741,2022-04-30,Cancelled,Merchant,kurta,0,659.05,MAHARASHTRA,0.29633543165467624
171-5550949-7914705,2022-04-30,Shipped,Amazon,Set,1,653.0,KERALA,0.29361510791366907
408-9407260-0749114,2022-04-30,Shipped,Amazon,kurta,1,0.0,PUDUCHERRY,0.0
408-4453138-1209128,2022-04-30,Shipped,Amazon,kurta,1,458.0,DELHI,0.20593525179856115
402-4934568-7802706,2022-04-30,Shipped,Amazon,kurta,1,487.0,WEST BENGAL,0.2189748201438849
405-9862364-7636347,2022-04-30,Shipped,Amazon,Set,1,597.0,KARNATAKA,0.26843525179856115
405-7713713-9002732,2022-04-30,Shipped,Amazon,Set,1,761.0,KARNATAKA,0.34217625899280574
405-7713713-9002732,2022-04-30,Shipped,Amazon,Set,1,835.0,KARNATAKA,0.3754496402877698
406-8536478-4581952,2022-04-30,Shipped - Returned to Seller,Merchant,Top,1,518.0,ODISHA,0.2329136690647482
407-0533151-5470709,2022-04-30,Cancelled,Amazon,kurta,0,0.0,ODISHA,0.0
404-6783850-0597940,2022-04-30,Shipped,Amazon,Western Dress,1,721.0,UTTAR PRADESH,0.32419064748201437
407-3030317-4521947,2022-04-30,Shipped,Amazon,kurta,1,458.0,KARNATAKA,0.20593525179856115
402-0093786-0156303,2022-04-30,Shipped,Amazon,Set,1,666.0,MAHARASHTRA,0.2994604316546763
171-3705534-0250736,2022-04-30,Shipped,Amazon,kurta,1,399.0,BIHAR,0.17940647482014388
408-9408562-5254749,2022-04-30,Shipped - Delivered to Buyer,Merchant,Set,1,1099.0,WEST BENGAL,0.4941546762589928
403-4739886-5496325,2022-04-30,Shipped,Amazon,kurta,1,353.0,KERALA,0.15872302158273383
171-9312177-9903551,2022-04-30,Shipped,Amazon,kurta,1,399.0,MAHARASHTRA,0.17940647482014388
171-3255381-0489121,2022-04-30,Shipped - Delivered to Buyer,Merchant,kurta,1,534.0,MAHARASHTRA,0.24010791366906475
408-4584840-2787538,2022-04-30,Cancelled,Merchant,Set,0,981.25,DELHI,0.4412095323741007
408-5118229-6373917,2022-04-30,Shipped,Amazon,kurta,1,0.0,TELANGANA,0.0
403-0707216-6170737,2022-04-30,Shipped,Amazon,Set,1,657.0,UTTAR PRADESH,0.2954136690647482
403-3258819-8018763,2022-04-30,Shipped,Amazon,Set,1,626.0,DELHI,0.2814748201438849
408-2491878-4865146,2022-04-30,Cancelled,Merchant,Set,0,981.25,WEST BENGAL,0.4412095323741007
405-7190860-0329952,2022-04-30,Shipped,Amazon,Western Dress,1,899.0,WEST BENGAL,0.40422661870503596
402-0164950-5496362,2022-04-30,Cancelled,Amazon,Set,0,0.0,TAMIL NADU,0.0
404-3821323-1636305,2022-04-30,Shipped,Amazon,Set,1,597.0,TAMIL NADU,0.26843525179856115
408-3649698-8803541,2022-04-30,Shipped,Amazon,Set,1,1099.0,HARYANA,0.4941546762589928
405-3694403-2551528,2022-04-30,Shipped,Amazon,Set,1,788.0,MAHARASHTRA,0.35431654676258995
405-6593194-1742748,2022-04-30,Shipped,Amazon,kurta,1,459.0,PUNJAB,0.20638489208633093
403-7086967-7558701,2022-04-30,Shipped,Amazon,Set,1,1186.0,Gujarat,0.533273381294964
171-5927080-9153924,2022-04-30,Cancelled,Amazon,Set,1,626.0,TAMIL NADU,0.2814748201438849
406-5651070-7367520,2022-04-30,Cancelled,Amazon,Western Dress,0,0.0,TELANGANA,0.0
405-1952513-5416327,2022-04-30,Cancelled,Amazon,kurta,0,0.0,PUNJAB,0.0
406-8112035-0609144,2022-04-30,Shipped,Amazon,kurta,1,329.0,RAJASTHAN,0.147931654676259
407-6114533-2816312,2022-04-30,Shipped - Delivered to Buyer,Merchant,kurta,1,280.0,KARNATAKA,0.12589928057553956
407-6002733-2903540,2022-04-30,Shipped,Amazon,kurta,1,249.0,KARNATAKA,0.11196043165467626
403-1068845-1092310,2022-04-30,Shipped,Amazon,Set,1,818.0,UTTAR PRADESH,0.36780575539568344
407-3001310-2482707,2022-04-30,Shipped,Amazon,kurta,1,429.0,KERALA,0.1928956834532374
407-3001310-2482707,2022-04-30,Shipped,Amazon,kurta,1,458.0,KERALA,0.20593525179856115
402-9024954-3597923,2022-04-30,Cancelled,Amazon,Western Dress,0,0.0,TELANGANA,0.0
404-6763777-8680366,2022-04-30,Shipped - Delivered to Buyer,Merchant,kurta,1,475.0,MAHARASHTRA,0.2135791366906475
405-6167247-7769908,2022-04-30,Shipped,Amazon,Set,1,788.0,JHARKHAND,0.35431654676258995
404-3190952-7345128,2022-04-30,Shipped,Amazon,Western Dress,1,744.0,KARNATAKA,0.3345323741007194
407-4179560-9885921,2022-04-30,Shipped,Amazon,kurta,1,458.0,HARYANA,0.20593525179856115
405-4515494-3244302,2022-04-30,Shipped,Amazon,kurta,1,505.0,TAMIL NADU,0.227068345323741
404-0812833-5129124,2022-04-30,Shipped,Amazon,Set,1,1186.0,JAMMU & KASHMIR,0.533273381294964
403-9928712-6587519,2022-04-30,Shipped,Amazon,Set,1,597.0,RAJASTHAN,0.26843525179856115
404-5314568-1043519,2022-04-30,Shipped,Amazon,Top,1,463.0,HARYANA,0.20818345323741008
402-8207665-7247536,2022-04-30,Shipped,Amazon,kurta,1,471.0,TELANGANA,0.21178057553956833
403-3814019-1141952,2022-04-30,Shipped,Amazon,Set,1,626.0,Gujarat,0.2814748201438849
403-5049239-4135545,2022-04-30,Shipped,Amazon,kurta,1,399.0,JHARKHAND,0.17940647482014388
405-6344744-8777959,2022-04-30,Shipped,Amazon,Set,1,788.0,KARNATAKA,0.35431654676258995
405-0654626-6276321,2022-04-30,Shipped,Amazon,Top,1,751.0,PUNJAB,0.3376798561151079
403-9647049-8100304,2022-04-30,Cancelled,Amazon,kurta,1,368.0,UTTAR PRADESH,0.16546762589928057
407-3546546-1957155,2022-04-30,Shipped,Amazon,Western Dress,1,744.0,TELANGANA,0.3345323741007194
404-4807357-2693108,2022-04-30,Shipped,Amazon,kurta,1,399.0,MAHARASHTRA,0.17940647482014388
404-4911741-3341902,2022-04-30,Shipped,Amazon,kurta,1,475.0,TAMIL NADU,0.2135791366906475
404-1580706-8406729,2022-04-30,Shipped,Amazon,kurta,1,475.0,TAMIL NADU,0.2135791366906475
404-6525036-6681154,2022-04-30,Shipped,Amazon,kurta,1,521.0,JHARKHAND,0.23426258992805754
408-6862949-2369917,2022-04-30,Shipped,Amazon,Western Dress,1,721.0,BIHAR,0.32419064748201437
403-4522038-5418732,2022-04-30,Shipped,Amazon,Set,1,788.0,KARNATAKA,0.35431654676258995
405-9510649-7934734,2022-04-30,Shipped,Amazon,kurta,1,486.0,KARNATAKA,0.2185251798561151
408-2170248-9556321,2022-04-30,Shipped,Amazon,Set,1,597.0,ASSAM,0.26843525179856115
171-1747399-1165911,2022-04-30,Shipped,Amazon,Western Dress,1,744.0,ASSAM,0.3345323741007194
408-1752203-1767518,2022-04-30,Shipped,Amazon,Set,1,939.0,KARNATAKA,0.4222122302158273
402-6953218-8797919,2022-04-30,Shipped,Amazon,kurta,1,517.0,JHARKHAND,0.23246402877697842
407-3644990-7729144,2022-04-30,Shipped - Delivered to Buyer,Merchant,Western Dress,1,744.0,TAMIL NADU,0.3345323741007194
406-9906656-5128304,2022-04-30,Cancelled,Amazon,kurta,0,0.0,UTTAR PRADESH,0.0
171-8345794-3569957,2022-04-30,Shipped,Amazon,kurta,1,533.0,ODISHA,0.23965827338129497
403-9545828-0603523,2022-04-30,Shipped,Amazon,Set,1,563.0,DELHI,0.25314748201438847
408-8140052-8753913,2022-04-30,Shipped,Amazon,kurta,1,549.0,KARNATAKA,0.2468525179856115
406-7221225-8921144,2022-04-30,Shipped - Delivered to Buyer,Merchant,Set,1,626.0,MAHARASHTRA,0.2814748201438849
406-4803324-2221109,2022-04-30,Shipped,Amazon,Set,1,1099.0,MAHARASHTRA,0.4941546762589928
407-5470882-4765942,2022-04-30,Cancelled,Merchant,Western Dress,0,0.0,TAMIL NADU,0.0
403-0373263-7181928,2022-04-30,Shipped,Amazon,Set,1,696.0,TELANGANA,0.3129496402877698
404-4771108-9660348,2022-04-30,Shipped,Amazon,kurta,1,432.0,TAMIL NADU,0.19424460431654678
405-5863149-6577918,2022-04-30,Shipped,Amazon,Set,1,597.0,KARNATAKA,0.26843525179856115
405-5863149-6577918,2022-04-30,Shipped,Amazon,Set,1,888.0,KARNATAKA,0.39928057553956836
406-7524766-1454768,2022-04-30,Shipped,Amazon,Set,1,1033.0,TELANGANA,0.46447841726618705
408-6818789-4965132,2022-04-30,Shipped,Amazon,kurta,1,376.0,ASSAM,0.16906474820143885
402-1038454-4297969,2022-04-30,Shipped,Amazon,Western Dress,1,885.0,UTTAR PRADESH,0.397931654676259
408-8100357-3585904,2022-04-30,Shipped,Amazon,kurta,1,635.0,ODISHA,0.28552158273381295
402-4372312-4448367,2022-04-30,Cancelled,Amazon,Set,1,597.0,MADHYA PRADESH,0.26843525179856115
406-3745473-8633147,2022-04-30,Shipped,Amazon,kurta,1,563.0,MAHARASHTRA,0.25314748201438847
403-1140011-7398736,2022-04-30,Shipped,Amazon,kurta,1,499.0,BIHAR,0.2243705035971223
403-1140011-7398736,2022-04-30,Shipped,Amazon,kurta,1,549.0,BIHAR,0.2468525179856115
403-1140011-7398736,2022-04-30,Shipped,Amazon,kurta,1,549.0,BIHAR,0.2468525179856115
403-1140011-7398736,2022-04-30,Shipped,Amazon,kurta,1,452.0,BIHAR,0.20323741007194246
171-2789156-5817163,2022-04-30,Shipped - Delivered to Buyer,Merchant,kurta,1,449.0,RAJASTHAN,0.2018884892086331
404-9605291-9790766,2022-04-30,Shipped,Amazon,kurta,1,685.0,UTTAR PRADESH,0.30800359712230213
408-9259634-7565152,2022-04-30,Shipped - Delivered to Buyer,Merchant,Top,1,391.0,KERALA,0.1758093525179856
171-2120512-6643534,2022-04-30,Shipped - Delivered to Buyer,Merchant,kurta,1,399.0,ANDHRA PRADESH,0.17940647482014388
408-7767023-9733103,2022-04-30,Shipped,Amazon,Set,1,597.0,KARNATAKA,0.26843525179856115
402-6159360-3192305,2022-04-30,Shipped - Delivered to Buyer,Merchant,kurta,1,249.0,TAMIL NADU,0.11196043165467626
406-4919920-0965963,2022-04-30,Shipped - Delivered to Buyer,Merchant,Set,1,1099.0,MAHARASHTRA,0.4941546762589928
402-5821417-6985934,2022-04-30,Shipped,Amazon,Set,1,1099.0,WEST BENGAL,0.4941546762589928
406-7489606-3781934,2022-04-30,Shipped,Amazon,kurta,1,499.0,KARNATAKA,0.2243705035971223
408-4543593-8672326,2022-04-30,Shipped,Amazon,Western Dress,1,744.0,WEST BENGAL,0.3345323741007194
404-3628070-0647500,2022-04-30,Cancelled,Merchant,kurta,0,399.05,TAMIL NADU,0.1794289568345324
404-3628070-0647500,2022-04-30,Cancelled,Merchant,kurta,0,463.81,TAMIL NADU,0.2085476618705036
404-0691443-7069131,2022-04-30,Shipped,Amazon,kurta,1,432.0,TAMIL NADU,0.19424460431654678
403-0467296-2575536,2022-04-30,Shipped,Amazon,Top,1,463.0,WEST BENGAL,0.20818345323741008
408-3531277-4885962,2022-04-30,Cancelled,Amazon,Top,0,0.0,KERALA,0.0
408-6069754-7397924,2022-04-30,Shipped,Amazon,kurta,1,0.0,BIHAR,0.0
408-0391714-9281921,2022-04-30,Cancelled,Merchant,Western Dress,0,0.0,MAHARASHTRA,0.0
408-3692922-9946738,2022-04-30,Shipped,Amazon,Western Dress,1,665.0,MAHARASHTRA,0.29901079136690645
171-7935921-7575568,2022-04-30,Shipped,Amazon,Set,1,563.0,NAGALAND,0.25314748201438847
408-2026538-7845958,2022-04-30,Shipped,Amazon,kurta,1,399.0,PUNJAB,0.17940647482014388
403-2026715-3949910,2022-04-30,Shipped,Amazon,Set,1,968.0,UTTAR PRADESH,0.4352517985611511
404-4599488-8213952,2022-04-30,Shipped - Delivered to Buyer,Merchant,kurta,1,474.0,KARNATAKA,0.2131294964028777
S02-5278980-4327051,2022-04-30,Shipped,Amazon,Blouse,15,0.0,Gujarat,0.0
171-5599779-6322751,2022-04-30,Cancelled,Merchant,kurta,0,659.05,MAHARASHTRA,0.29633543165467624
171-2550230-3805124,2022-04-30,Shipped - Delivered to Buyer,Merchant,Top,1,413.0,MAHARASHTRA,0.18570143884892087
402-5852450-2129941,2022-04-30,Shipped - Delivered to Buyer,Merchant,kurta,1,495.0,TAMIL NADU,0.22257194244604317
405-3054995-4312360,2022-04-30,Shipped - Delivered to Buyer,Merchant,kurta,1,459.0,KARNATAKA,0.20638489208633093
407-2538775-7502719,2022-04-30,Shipped,Amazon,kurta,1,486.0,MAHARASHTRA,0.2185251798561151
406-1981446-7471514,2022-04-30,Shipped - Delivered to Buyer,Merchant,Set,1,1238.0,DELHI,0.5566546762589928
408-4235910-6012362,2022-04-30,Shipped,Amazon,Set,1,801.0,GOA,0.3601618705035971
171-9839922-3832357,2022-04-30,Shipped,Amazon,kurta,1,527.0,MAHARASHTRA,0.23696043165467626
405-9808686-6294763,2022-04-30,Shipped,Amazon,Top,1,493.0,Gujarat,0.2216726618705036
408-8489677-5577933,2022-04-30,Shipped - Delivered to Buyer,Merchant,kurta,1,0.0,UTTAR PRADESH,0.0
402-5550488-9916304,2022-04-30,Cancelled,Merchant,kurta,0,280.95,TELANGANA,0.12632643884892086
408-6369127-2887567,2022-04-30,Shipped,Amazon,Set,1,788.0,MAHARASHTRA,0.35431654676258995
171-0113406-2293163,2022-04-30,Cancelled,Amazon,Set,1,626.0,UTTAR PRADESH,0.2814748201438849
403-8565647-0953102,2022-04-30,Shipped,Amazon,kurta,1,376.0,ASSAM,0.16906474820143885
406-9957971-2569147,2022-04-30,Shipped,Amazon,kurta,1,471.0,MAHARASHTRA,0.21178057553956833
406-1092108-2639512,2022-04-30,Shipped,Amazon,kurta,1,399.0,Gujarat,0.17940647482014388
402-3270101-7657904,2022-04-30,Cancelled,Merchant,kurta,0,452.38,TAMIL NADU,0.20340827338129497
171-7678731-3568339,2022-04-30,Cancelled,Amazon,Set,0,0.0,KARNATAKA,0.0
408-7206307-2384358,2022-04-30,Shipped - Delivered to Buyer,Merchant,Western Dress,1,725.0,KERALA,0.32598920863309355
407-5830946-0458753,2022-04-30,Shipped,Amazon,kurta,1,499.0,MAHARASHTRA,0.2243705035971223
171-3016563-0593956,2022-04-30,Shipped,Amazon,kurta,1,471.0,DELHI,0.21178057553956833
404-3252605-4011545,2022-04-30,Cancelled,Amazon,kurta,0,0.0,MAHARASHTRA,0.0
171-1148440-5117161,2022-04-30,Cancelled,Amazon,Set,1,449.0,MAHARASHTRA,0.2018884892086331
171-7636697-5689908,2022-04-30,Shipped,Amazon,Set,1,684.0,MADHYA PRADESH,0.30755395683453235
408-1336273-5938748,2022-04-30,Shipped,Amazon,Top,1,545.0,PUNJAB,0.24505395683453238
406-3815399-6450709,2022-04-30,Shipped,Amazon,Top,1,545.0,RAJASTHAN,0.24505395683453238
171-9638653-2292340,2022-04-30,Shipped,Amazon,Blouse,1,419.0,UTTAR PRADESH,0.18839928057553956
403-7879236-4794741,2022-04-30,Cancelled,Amazon,kurta,0,0.0,ASSAM,0.0
406-4110471-9710751,2022-04-30,Shipped,Amazon,Set,1,696.0,KARNATAKA,0.3129496402877698
408-5598612-8613920,2022-04-30,Cancelled,Amazon,Top,0,0.0,PUNJAB,0.0
404-3475672-0623516,2022-04-30,Cancelled,Amazon,Set,0,0.0,UTTARAKHAND,0.0
403-0708193-0609948,2022-04-30,Shipped,Amazon,kurta,1,399.0,MAHARASHTRA,0.17940647482014388
402-6638943-7023558,2022-04-30,Shipped - Returned to Seller,Merchant,Set,1,613.0,DELHI,0.2756294964028777
405-1047044-2461167,2022-04-30,Shipped,Amazon,Set,1,654.0,KARNATAKA,0.29406474820143885
403-4121872-9661935,2022-04-30,Shipped,Amazon,Top,1,487.0,DELHI,0.2189748201438849
407-0341499-2477170,2022-04-30,Shipped,Amazon,Western Dress,1,744.0,TELANGANA,0.3345323741007194
402-7081372-1053905,2022-04-30,Shipped - Delivered to Buyer,Merchant,kurta,1,499.0,MAHARASHTRA,0.2243705035971223
402-7081372-1053905,2022-04-30,Shipped - Delivered to Buyer,Merchant,kurta,1,499.0,MAHARASHTRA,0.2243705035971223
403-8349155-2308363,2022-04-30,Shipped,Amazon,kurta,1,406.0,TELANGANA,0.18255395683453238
403-8349155-2308363,2022-04-30,Shipped,Amazon,Set,1,737.0,TELANGANA,0.33138489208633093
403-3794902-2627533,2022-04-30,Shipped,Amazon,Set,1,648.0,TELANGANA,0.29136690647482016
403-8342497-0727510,2022-04-30,Shipped - Delivered to Buyer,Merchant,Ethnic Dress,1,783.0,TELANGANA,0.352068345323741
403-5686295-0611519,2022-04-30,Shipped,Amazon,Western Dress,1,744.0,TELANGANA,0.3345323741007194
404-9773937-7060345,2022-04-30,Shipped,Amazon,Western Dress,1,744.0,TAMIL NADU,0.3345323741007194
407-3205298-5473103,2022-04-30,Shipped - Delivered to Buyer,Merchant,Set,1,653.0,TAMIL NADU,0.29361510791366907
403-3741687-4048344,2022-04-30,Shipped,Amazon,Set,1,788.0,MAHARASHTRA,0.35431654676258995
406-4889947-7806746,2022-04-30,Shipped,Amazon,Set,1,1221.0,TELANGANA,0.5490107913669064
408-2548158-8811519,2022-04-30,Shipped - Delivered to Buyer,Merchant,Set,1,0.0,KARNATAKA,0.0
402-4612397-6796307,2022-04-30,Shipped,Amazon,Set,1,1112.0,HARYANA,0.5
402-2375582-5673132,2022-04-30,Shipped - Delivered to Buyer,Merchant,Set,1,1186.0,HARYANA,0.533273381294964
402-7355260-1275513,2022-04-30,Shipped - Delivered to Buyer,Merchant,kurta,1,362.0,TELANGANA,0.16276978417266186
171-6613108-2363511,2022-04-30,Shipped,Amazon,kurta,1,432.0,TAMIL NADU,0.19424460431654678
406-5961574-4441901,2022-04-30,Shipped,Amazon,Set,1,597.0,TELANGANA,0.26843525179856115
404-9326488-7546742,2022-04-30,Shipped,Amazon,Set,1,654.0,BIHAR,0.29406474820143885
403-1691463-7067522,2022-04-30,Shipped,Amazon,Top,1,518.0,MAHARASHTRA,0.2329136690647482
171-1293566-4097166,2022-04-30,Shipped,Amazon,Set,1,626.0,TAMIL NADU,0.2814748201438849
404-6513417-3841113,2022-04-30,Shipped,Amazon,Set,1,761.0,TELANGANA,0.34217625899280574
408-7484954-7860326,2022-04-30,Shipped,Amazon,Set,1,1186.0,TELANGANA,0.533273381294964
408-0027611-3047556,2022-04-30,Shipped - Delivered to Buyer,Merchant,Set,1,1186.0,TELANGANA,0.533273381294964
408-0027611-3047556,2022-04-30,Shipped - Delivered to Buyer,Merchant,Set,1,1213.0,TELANGANA,0.5454136690647482
