order_id,order_date,status,fulfilment,category,quantity,amount,ship_state
405-8078784-5731545,2022-04-30,Cancelled,Merchant,Set,0,647.62,MAHARASHTRA
171-9198151-1101146,2022-04-30,Shipped - Delivered to Buyer,Merchant,kurta,1,406,KARNATAKA
404-0687676-7273146,2022-04-30,Shipped,Amazon,kurta,1,329,MAHARASHTRA
403-9615377-8133951,2022-04-30,Cancelled,Merchant,Western Dress,0,753.33,PUDUCHERRY
407-1069790-7240320,2022-04-30,Shipped,Amazon,Top,1,574,TAMIL NADU
404-1490984-4578765,2022-04-30,Shipped,Amazon,Set,1,824,UTTAR PRADESH
408-5748499-6859555,2022-04-30,Shipped,Amazon,Set,1,653,CHANDIGARH
406-7807733-3785945,2022-04-30,Shipped - Delivered to Buyer,Merchant,kurta,1,399,TELANGANA
407-5443024-5233168,2022-04-30,Cancelled,Amazon,Set,0,,TELANGANA
402-4393761-0311520,2022-04-30,Shipped,Amazon,kurta,1,363,TAMIL NADU
407-5633625-6970741,2022-04-30,Shipped,Amazon,kurta,1,685,TAMIL NADU
171-4638481-6326716,2022-04-30,Shipped,Amazon,kurta,1,364,UTTAR PRADESH
405-5513694-8146768,2022-04-30,Shipped - Delivered to Buyer,Merchant,kurta,1,399,MAHARASHTRA
408-7955685-3083534,2022-04-30,Shipped,Amazon,Set,1,657,MAHARASHTRA
408-1298370-1920302,2022-04-30,Shipped - Delivered to Buyer,Merchant,Set,1,771,MAHARASHTRA
403-4965581-9520319,2022-04-30,Shipped - Delivered to Buyer,Merchant,kurta,1,544,ANDHRA PRADESH
406-9379318-6555504,2022-04-30,Shipped,Amazon,kurta,1,329,RAJASTHAN
405-9013803-8009918,2022-04-30,Shipped,Amazon,kurta,1,399,DELHI
402-4030358-5835511,2022-04-30,Shipped - Delivered to Buyer,Merchant,kurta,1,458,HARYANA
405-5957858-1051546,2022-04-30,Shipped,Amazon,Set,1,886,KARNATAKA
405-0607769-0716360,2022-04-30,Shipped,Amazon,kurta,1,517,TAMIL NADU
404-8494550-5860325,2022-04-30,Shipped,Amazon,Set,1,666,KARNATAKA
171-1305077-2813934,2022-04-30,Shipped,Amazon,kurta,1,376,TELANGANA
404-6019946-2909948,2022-04-30,Cancelled,Merchant,Set,0,570.48,MAHARASHTRA
402-3384087-4005164,2022-04-30,Shipped,Amazon,kurta,1,499,ASSAM
405-8191138-5176316,2022-04-30,Shipped - Delivered to Buyer,Merchant,Set,1,582,JHARKHAND
403-9230474-9657916,2022-04-30,Shipped - Delivered to Buyer,Merchant,kurta,1,299,CHHATTISGARH
408-3484251-6901959,2022-04-30,Shipped,Amazon,kurta,1,459,MAHARASHTRA
405-7755803-4729935,2022-04-30,Shipped,Amazon,kurta,1,399,KARNATAKA
404-5933402-8801952,2022-04-30,Cancelled,Merchant,kurta,0,,ASSAM
171-9040274-9291563,2022-04-30,Shipped,Amazon,Western Dress,1,791,TAMIL NADU
403-7056319-0979561,2022-04-30,Shipped,Amazon,kurta,1,499,UTTAR PRADESH
404-9632124-1107550,2022-04-30,Shipped - Delivered to Buyer,Merchant,Set,1,1233,ANDHRA PRADESH
402-1465437-0579556,2022-04-30,Shipped - Delivered to Buyer,Merchant,kurta,1,517,ODISHA
404-7774085-3780319,2022-04-30,Shipped,Amazon,kurta,1,376,TELANGANA
402-2764952-1492318,2022-04-30,Shipped - Delivered to Buyer,Merchant,kurta,1,499,UTTAR PRADESH
406-0272200-7784379,2022-04-30,Shipped,Amazon,Set,1,666,TAMIL NADU
403-4367956-2849158,2022-04-30,Shipped,Amazon,kurta,1,487,DELHI
403-4367956-2849158,2022-04-30,Shipped,Amazon,kurta,1,368,DELHI
403-4242957-8599555,2022-04-30,Shipped,Amazon,kurta,1,399,KERALA
408-7165704-5643524,2022-04-30,Shipped,Amazon,Ethnic Dress,1,699,UTTAR PRADESH
402-8210765-3935569,2022-04-30,Shipped,Amazon,Western Dress,1,885,MADHYA PRADESH
406-7398201-3869914,2022-04-30,Shipped - Delivered to Buyer,Merchant,kurta,1,424,MAHARASHTRA
408-3478480-0881162,2022-04-30,Shipped,Amazon,Set,1,1126,UTTAR PRADESH
402-7595162-9129931,2022-04-30,Shipped,Amazon,Set,1,788,MAHARASHTRA
171-6876154-6233146,2022-04-30,Shipped,Amazon,Set,1,759,WEST BENGAL
408-3917043-5314763,2022-04-30,Shipped,Amazon,Set,1,1146,ANDHRA PRADESH
408-9281152-6213100,2022-04-30,Shipped,Amazon,Top,1,665,TELANGANA
403-3496411-3082707,2022-04-30,Shipped,Amazon,kurta,1,429,TELANGANA
171-9208368-0157156,2022-04-30,Shipped - Delivered to Buyer,Merchant,kurta,1,399,UTTAR PRADESH
408-2137113-0982751,2022-04-30,Shipped,Amazon,Set,1,848,ODISHA
402-3628566-9688333,2022-04-30,Shipped,Amazon,Set,1,654,MAHARASHTRA
408-7138000-9728362,2022-04-30,Shipped,Amazon,Set,1,1033,NAGALAND
402-1752649-2274748,2022-04-30,Shipped,Amazon,kurta,1,390,KARNATAKA
402-7944191-1869101,2022-04-30,Shipped,Amazon,Top,1,493,KARNATAKA
407-4063876-9566742,2022-04-30,Shipped,Amazon,Western Dress,1,721,TELANGANA
403-0752752-4656334,2022-04-30,Shipped,Amazon,Set,1,597,RAJASTHAN
406-8879861-2081117,2022-04-30,Shipped,Amazon,kurta,1,399,ASSAM
406-8089333-7941903,2022-04-30,Shipped,Amazon,Set,1,888,KARNATAKA
171-3072652-6805159,2022-04-30,Shipped,Amazon,kurta,1,353,TELANGANA
171-2592464-6846743,2022-04-30,Shipped - Delivered to Buyer,Merchant,Set,1,599,KARNATAKA
404-2262140-4696366,2022-04-30,Shipped,Amazon,kurta,1,518,MAHARASHTRA
404-2262140-4696366,2022-04-30,Shipped,Amazon,kurta,1,295,MAHARASHTRA
405-3594372-1614709,2022-04-30,Shipped,Amazon,Set,1,852,UTTAR PRADESH
407-2974257-4781134,2022-04-30,Shipped,Amazon,Set,1,824,MAHARASHTRA
171-4137548-0481151,2022-04-30,Cancelled,Amazon,kurta,0,,Gujarat
405-4461562-9113959,2022-04-30,Shipped,Amazon,Set,1,909,JHARKHAND
404-4535078-5241919,2022-04-30,Shipped,Amazon,Top,1,432,MAHARASHTRA
405-8387725-2971512,2022-04-30,Shipped,Amazon,Set,1,545,KARNATAKA
405-6480932-8759528,2022-04-30,Shipped,Amazon,Set,1,1146,KARNATAKA
405-9966506-3155561,2022-04-30,Shipped - Delivered to Buyer,Merchant,kurta,1,696,TAMIL NADU
408-7029737-8028367,2022-04-30,Shipped,Amazon,kurta,1,432,MAHARASHTRA
407-2189901-7515567,2022-04-30,Shipped - Delivered to Buyer,Merchant,Set,1,631,KARNATAKA
402-2105657-2899562,2022-04-30,Shipped,Amazon,kurta,1,316,KARNATAKA
406-1326801-8886709,2022-04-30,Shipped - Delivered to Buyer,Merchant,kurta,1,362,ODISHA
408-7760667-5809130,2022-04-30,Shipped,Amazon,kurta,1,329,TELANGANA
405-8457623-9269955,2022-04-30,Shipped,Amazon,kurta,1,399,MAHARASHTRA
408-6820155-3521913,2022-04-30,Shipped,Amazon,Set,1,751,ASSAM
403-6190683-2687538,2022-04-30,Shipped,Amazon,Western Dress,1,791,Gujarat
408-4069830-3819562,2022-04-30,Shipped,Amazon,Set,1,684,WEST BENGAL
408-4069830-3819562,2022-04-30,Shipped,Amazon,Set,1,1281,WEST BENGAL
408-4069830-3819562,2022-04-30,Shipped,Amazon,Set,1,1186,WEST BENGAL
171-7367545-7081126,2022-04-30,Shipped,Amazon,kurta,1,499,TELANGANA
404-6522553-9345930,2022-04-30,Cancelled,Merchant,Set,0,1105.36,UTTARAKHAND
403-9950518-0349133,2022-04-30,Cancelled,Amazon,kurta,0,,TELANGANA
407-6599093-6553153,2022-04-30,Shipped - Delivered to Buyer,Merchant,Bottom,1,377,WEST BENGAL
403-3763475-2237125,2022-04-30,Shipped,Amazon,Western Dress,1,744,TAMIL NADU
405-1492294-0323520,2022-04-30,Shipped,Amazon,Western Dress,1,744,UTTARAKHAND
403-1162895-2484367,2022-04-30,Shipped - Delivered to Buyer,Merchant,Western Dress,1,859,RAJASTHAN
171-6833843-5473114,2022-04-30,Shipped,Amazon,kurta,1,487,Gujarat
403-1477057-8253913,2022-04-30,Shipped,Amazon,Western Dress,1,825,KERALA
408-2114413-6089906,2022-04-30,Shipped,Amazon,Set,1,680,BIHAR
405-1879750-2639521,2022-04-30,Shipped - Delivered to Buyer,Merchant,kurta,1,725,TAMIL NADU
406-5727754-5302723,2022-04-30,Shipped,Amazon,Set,1,696,Gujarat
405-0901744-8270705,2022-04-30,Shipped,Amazon,kurta,1,499,Gujarat
405-9112089-3379536,2022-04-30,Cancelled,Amazon,kurta,0,,MAHARASHTRA
408-6357132-2310703,2022-04-30,Shipped,Amazon,Set,1,696,JAMMU & KASHMIR
406-5334922-9670748,2022-04-30,Shipped,Amazon,kurta,1,406,KARNATAKA
402-8519791-3706738,2022-04-30,Shipped,Amazon,Set,1,852,DELHI
408-1830318-0357940,2022-04-30,Shipped,Amazon,kurta,1,399,HARYANA
406-5103760-7326749,2022-04-30,Shipped,Amazon,kurta,1,432,Gujarat
402-7841951-1872363,2022-04-30,Cancelled,Amazon,Set,0,,DELHI
408-7698765-2294756,2022-04-30,Shipped - Delivered to Buyer,Merchant,Set,1,1338,MAHARASHTRA
404-1856281-9996319,2022-04-30,Shipped - Delivered to Buyer,Merchant,Western Dress,1,472,MADHYA PRADESH
406-5406738-7113145,2022-04-30,Shipped,Amazon,Set,1,788,DELHI
405-5257740-5301158,2022-04-30,Shipped - Delivered to Buyer,Merchant,Set,1,832,HARYANA
405-5257740-5301158,2022-04-30,Shipped - Delivered to Buyer,Merchant,kurta,1,399,HARYANA
405-2072502-4089911,2022-04-30,Shipped,Amazon,Set,1,599,HARYANA
405-0882561-5952340,2022-04-30,Shipped,Amazon,Set,1,692,WEST BENGAL
403-7266170-1163500,2022-04-30,Shipped - Delivered to Buyer,Merchant,Top,1,518,MAHARASHTRA
405-8114272-1687512,2022-04-30,Shipped,Amazon,Set,1,788,DELHI
171-6138639-1478731,2022-04-30,Shipped,Amazon,kurta,1,318,TELANGANA
405-4059216-4541150,2022-04-30,Shipped,Amazon,Set,1,597,TELANGANA
405-1152015-7333945,2022-04-30,Shipped,Amazon,Set,1,888,BIHAR
406-0177436-6731556,2022-04-30,Shipped,Amazon,kurta,1,406,TELANGANA
406-0715107-8168308,2022-04-30,Shipped,Amazon,Set,1,1186,UTTARAKHAND
403-0104882-7373900,2022-04-30,Cancelled,Amazon,Western Dress,1,791,Gujarat
403-0104882-7373900,2022-04-30,Cancelled,Amazon,Western Dress,1,807,Gujarat
403-0104882-7373900,2022-04-30,Cancelled,Amazon,Western Dress,1,807,Gujarat
405-3002282-6797102,2022-04-30,Shipped,Amazon,kurta,1,311,WEST BENGAL
407-8466904-3461908,2022-04-30,Shipped,Amazon,Top,1,387,MAHARASHTRA
171-3305587-5364338,2022-04-30,Shipped,Amazon,kurta,1,348,TELANGANA
406-8961316-8137943,2022-04-30,Shipped - Delivered to Buyer,Merchant,Set,1,597,ASSAM
406-8961316-8137943,2022-04-30,Shipped - Delivered to Buyer,Merchant,Set,1,549,ASSAM
171-2813040-8296320,2022-04-30,Shipped,Amazon,Set,1,635,KARNATAKA
408-9845791-1393151,2022-04-30,Shipped,Amazon,Set,1,597,PUNJAB
402-4277204-2348328,2022-04-30,Shipped,Amazon,Set,1,790,MADHYA PRADESH
171-3049339-2085136,2022-04-30,Shipped,Amazon,kurta,1,375,ASSAM
405-9928526-2470747,2022-04-30,Shipped,Amazon,Set,1,1115,TELANGANA
405-4908072-0260360,2022-04-30,Shipped - Delivered to Buyer,Merchant,kurta,1,579,KARNATAKA
406-3984186-5973150,2022-04-30,Shipped,Amazon,Set,1,788,TAMIL NADU
171-8635309-7508346,2022-04-30,Shipped,Amazon,Set,1,597,TAMIL NADU
171-0293372-4913973,2022-04-30,Cancelled,Amazon,Set,0,,KARNATAKA
402-8288606-4313118,2022-04-30,Shipped,Amazon,kurta,1,517,HIMACHAL PRADESH
402-8746990-6412346,2022-04-30,Shipped,Amazon,kurta,1,442,TAMIL NADU
402-0294212-5431551,2022-04-30,Shipped,Amazon,kurta,1,399,UTTAR PRADESH
406-1530134-2105912,2022-04-30,Shipped,Amazon,kurta,1,518,KARNATAKA
403-5222550-4437140,2022-04-30,Shipped,Amazon,kurta,1,348,TAMIL NADU
408-1482435-5202714,2022-04-30,Shipped - Delivered to Buyer,Merchant,Set,1,788,CHHATTISGARH
403-6442534-2769112,2022-04-30,Cancelled,Amazon,Top,0,,UTTAR PRADESH
408-3113070-0750756,2022-04-30,Shipped,Amazon,Set,1,597,MAHARASHTRA
404-7796841-1880317,2022-04-30,Shipped,Amazon,kurta,1,696,DELHI
405-2142542-0941949,2022-04-30,Shipped,Amazon,kurta,1,363,TELANGANA
405-0286717-7761132,2022-04-30,Shipped,Amazon,kurta,1,299,TELANGANA
406-9021273-9221106,2022-04-30,Shipped,Amazon,Western Dress,1,690,ASSAM
404-5381335-4577925,2022-04-30,Shipped,Amazon,Top,1,574,KARNATAKA
171-0131752-2560336,2022-04-30,Shipped - Delivered to Buyer,Merchant,Set,1,1399,UTTAR PRADESH
407-4235449-1353916,2022-04-30,Shipped - Delivered to Buyer,Merchant,Set,1,999,UTTAR PRADESH
171-8061614-5688327,2022-04-30,Shipped,Amazon,Set,1,999,ANDHRA PRADESH
407-8248783-4261958,2022-04-30,Shipped,Amazon,kurta,1,487,CHHATTISGARH
404-6513062-3876305,2022-04-30,Shipped - Delivered to Buyer,Merchant,kurta,1,376,TAMIL NADU
406-7779874-9136347,2022-04-30,Shipped,Amazon,Set,1,1115,UTTARAKHAND
406-9638549-1733961,2022-04-30,Shipped,Amazon,Set,1,517,KARNATAKA
407-8801185-0134713,2022-04-30,Shipped,Amazon,Set,1,1126,KARNATAKA
171-3625443-6505905,2022-04-30,Shipped,Amazon,Western Dress,1,725,KERALA
402-8078642-8565124,2022-04-30,Cancelled,Amazon,kurta,0,,ODISHA
402-2820441-9623566,2022-04-30,Shipped,Amazon,Western Dress,1,721,ODISHA
171-4312987-5366767,2022-04-30,Shipped,Amazon,Set,1,666,BIHAR
403-5189998-9343503,2022-04-30,Shipped,Amazon,Set,1,496,TELANGANA
407-9863928-5979501,2022-04-30,Shipped - Delivered to Buyer,Merchant,kurta,1,353,KERALA
171-4644162-9093116,2022-04-30,Shipped - Delivered to Buyer,Merchant,kurta,1,399,UTTAR PRADESH
406-0974406-3179521,2022-04-30,Shipped,Amazon,kurta,1,458,TAMIL NADU
402-0048138-1845122,2022-04-30,Shipped,Amazon,Set,1,1115,NAGALAND
407-6283946-7749133,2022-04-30,Shipped,Amazon,Ethnic Dress,1,845,KARNATAKA
407-0542879-1795554,2022-04-30,Shipped - Delivered to Buyer,Merchant,kurta,1,399,HARYANA
406-0218328-1773963,2022-04-30,Cancelled,Amazon,kurta,0,,TAMIL NADU
407-3742007-3242711,2022-04-30,Shipped,Amazon,kurta,1,517,TELANGANA
407-3742007-3242711,2022-04-30,Shipped,Amazon,kurta,1,517,TELANGANA
405-3067317-3360344,2022-04-30,Shipped,Amazon,kurta,1,599,UTTAR PRADESH
406-5648244-8317954,2022-04-30,Shipped,Amazon,Top,1,487,DELHI
171-3460653-0171519,2022-04-30,Shipped,Amazon,Top,1,487,HARYANA
404-5337874-2284337,2022-04-30,Shipped,Amazon,Set,1,568,KARNATAKA
405-2660443-4165145,2022-04-30,Shipped - Delivered to Buyer,Merchant,kurta,1,399,KARNATAKA
402-3329522-2367566,2022-04-30,Shipped,Amazon,kurta,1,295,MAHARASHTRA
406-3078054-1755513,2022-04-30,Shipped,Amazon,kurta,1,484,UTTAR PRADESH
171-4647176-6456305,2022-04-30,Shipped,Amazon,Set,1,626,MAHARASHTRA
408-5011528-8276347,2022-04-30,Shipped,Amazon,Set,1,563,UTTAR PRADESH
407-4097885-3129958,2022-04-30,Shipped - Delivered to Buyer,Merchant,Top,1,387,MAHARASHTRA
171-1224053-5752314,2022-04-30,Cancelled,Merchant,Top,0,463.81,KARNATAKA
406-2849582-6531553,2022-04-30,Shipped,Amazon,Top,1,512,UTTAR PRADESH
407-5875767-6399551,2022-04-30,Shipped,Amazon,Set,1,1112,TELANGANA
171-6336729-6763536,2022-04-30,Cancelled,Amazon,Set,1,626,KARNATAKA
404-3907920-5281963,2022-04-30,Shipped,Amazon,kurta,1,376,TELANGANA
408-7310428-6047538,2022-04-30,Shipped,Amazon,Western Dress,1,859,KARNATAKA
403-2608092-6065935,2022-04-30,Shipped,Amazon,Set,1,597,KARNATAKA
404-9760385-9109154,2022-04-30,Shipped,Amazon,kurta,1,329,TELANGANA
405-0732969-3941948,2022-04-30,Shipped - Delivered to Buyer,Merchant,Set,1,583,WEST BENGAL
402-2720308-2560327,2022-04-30,Shipped,Amazon,Western Dress,1,665,MAHARASHTRA
402-0589123-6183541,2022-04-30,Shipped,Amazon,Set,1,582,MAHARASHTRA
408-3874942-9917143,2022-04-30,Shipped,Amazon,Set,1,1126,UTTAR PRADESH
402-1706149-0949104,2022-04-30,Shipped,Amazon,kurta,1,534,MAHARASHTRA
407-1672316-3245939,2022-04-30,Shipped,Amazon,kurta,1,319,TAMIL NADU
405-1832646-7988329,2022-04-30,Shipped,Amazon,kurta,1,368,MAHARASHTRA
408-9692204-9817146,2022-04-30,Cancelled,Amazon,Set,1,597,MAHARASHTRA
402-9339129-6219537,2022-04-30,Cancelled,Amazon,Set,1,654,KARNATAKA
405-3036350-8089120,2022-04-30,Shipped,Amazon,kurta,1,795,Gujarat
404-6680046-0839536,2022-04-30,Shipped - Delivered to Buyer,Merchant,Western Dress,1,744,TAMIL NADU
406-2966654-4672325,2022-04-30,Shipped,Amazon,kurta,1,692,UTTAR PRADESH
403-4845285-4565113,2022-04-30,Shipped,Amazon,Top,1,563,JAMMU & KASHMIR
171-4496851-5319548,2022-04-30,Shipped,Amazon,Top,1,545,KARNATAKA
408-3416118-1167564,2022-04-30,Shipped,Amazon,Set,1,999,ARUNACHAL PRADESH
406-1590113-9193914,2022-04-30,Shipped,Amazon,Set,1,654,WEST BENGAL
404-0363929-8015528,2022-04-30,Shipped,Amazon,Top,1,588,MAHARASHTRA
407-7173744-5333154,2022-04-30,Shipped - Delivered to Buyer,Merchant,kurta,1,497,DELHI
405-6880044-2861120,2022-04-30,Shipped,Amazon,kurta,1,517,RAJASTHAN
403-4337144-0984323,2022-04-30,Cancelled,Amazon,Top,0,,JAMMU & KASHMIR
171-1851948-5476361,2022-04-30,Shipped,Amazon,Set,1,1115,MANIPUR
171-5810429-4493110,2022-04-30,Shipped,Amazon,Set,1,582,WEST BENGAL
171-1068229-1581965,2022-04-30,Shipped,Amazon,Set,1,449,WEST BENGAL
402-2105140-3584364,2022-04-30,Shipped,Amazon,kurta,1,375,KARNATAKA
403-3561336-3563535,2022-04-30,Shipped,Amazon,Set,1,771,Gujarat
402-9532672-5385917,2022-04-30,Shipped,Amazon,kurta,1,399,TAMIL NADU
408-4547464-4180323,2022-04-30,Shipped - Delivered to Buyer,Merchant,kurta,1,0,ODISHA
402-2211107-5096323,2022-04-30,Shipped,Amazon,Set,1,654,UTTAR PRADESH
403-9412025-7537140,2022-04-30,Shipped,Amazon,kurta,1,424,KERALA
403-5456917-5571511,2022-04-30,Cancelled,Amazon,Western Dress,0,,UTTAR PRADESH
171-8452330-4756317,2022-04-30,Shipped,Amazon,Top,1,432,MAHARASHTRA
171-4350114-4299568,2022-04-30,Shipped - Delivered to Buyer,Merchant,Top,1,399,MAHARASHTRA
405-8692900-3888310,2022-04-30,Shipped,Amazon,kurta,1,399,KARNATAKA
402-6750101-3923558,2022-04-30,Shipped,Amazon,Set,1,597,KERALA
403-5725327-6264327,2022-04-30,Shipped,Amazon,Top,1,463,UTTAR PRADESH
403-5209693-1173944,2022-04-30,Shipped,Amazon,kurta,1,484,UTTAR PRADESH
403-8255889-7526765,2022-04-30,Shipped,Amazon,kurta,1,635,BIHAR
407-3554912-7244363,2022-04-30,Shipped,Amazon,kurta,1,685,ASSAM
407-4737202-9096304,2022-04-30,Shipped - Delivered to Buyer,Merchant,Western Dress,1,725,BIHAR
171-2842936-5423534,2022-04-30,Shipped,Amazon,Top,1,487,KARNATAKA
407-4936046-5852304,2022-04-30,Cancelled,Merchant,Set,0,1249.11,HARYANA
407-4936046-5852304,2022-04-30,Cancelled,Merchant,Set,0,1058.93,HARYANA
402-9580874-3525948,2022-04-30,Shipped,Amazon,Set,1,696,KERALA
404-7426070-1355530,2022-04-30,Shipped,Amazon,kurta,1,329,TELANGANA
406-4878137-1126707,2022-04-30,Shipped,Amazon,kurta,1,517,MAHARASHTRA
171-3505516-3505949,2022-04-30,Shipped,Amazon,Set,1,591,MAHARASHTRA
406-6199849-7523514,2022-04-30,Shipped,Amazon,kurta,1,406,KERALA
406-6180074-2350757,2022-04-30,Shipped,Amazon,Set,1,684,KARNATAKA
406-6180074-2350757,2022-04-30,Shipped,Amazon,Set,1,1115,KARNATAKA
406-2403215-8361103,2022-04-30,Shipped - Delivered to Buyer,Merchant,Set,1,999,KARNATAKA
404-6578109-5618751,2022-04-30,Shipped - Delivered to Buyer,Merchant,kurta,1,295,KARNATAKA
407-2307966-4961113,2022-04-30,Shipped,Amazon,kurta,1,442,KARNATAKA
404-5539778-0029904,2022-04-30,Shipped,Amazon,Set,1,563,ASSAM
171-6222676-0740318,2022-04-30,Shipped,Amazon,kurta,1,435,DELHI
403-2166075-2254703,2022-04-30,Shipped,Amazon,Set,1,563,KARNATAKA
407-5766340-7411567,2022-04-30,Shipped,Amazon,kurta,1,399,Gujarat
404-0634392-1837110,2022-04-30,Cancelled,Amazon,Top,0,,MAHARASHTRA
408-2759943-9849959,2022-04-30,Shipped,Amazon,Set,1,1338,WEST BENGAL
403-5977671-8855508,2022-04-30,Shipped - Returned to Seller,Merchant,Set,1,1115,WEST BENGAL
408-9321153-0591557,2022-04-30,Shipped,Amazon,kurta,1,399,KARNATAKA
404-0696150-3898703,2022-04-30,Shipped - Delivered to Buyer,Merchant,Set,1,499,MAHARASHTRA
406-7586136-6520337,2022-04-30,Shipped - Delivered to Buyer,Merchant,Western Dress,1,791,UTTARAKHAND
407-6146457-8788352,2022-04-30,Shipped,Amazon,Western Dress,1,725,BIHAR
404-8514200-3544346,2022-04-30,Cancelled,Amazon,kurta,0,,KARNATAKA
404-7452877-2137949,2022-04-30,Cancelled,Merchant,kurta,0,,KARNATAKA
402-2703790-2816329,2022-04-30,Cancelled,Merchant,Set,0,1278.57,JHARKHAND
407-1515930-8661921,2022-04-30,Shipped,Amazon,Set,1,1099,WEST BENGAL
405-9144614-1601126,2022-04-30,Shipped - Delivered to Buyer,Merchant,kurta,1,533,TELANGANA
407-0994909-4122733,2022-04-30,Shipped,Amazon,kurta,1,696,RAJASTHAN
402-7042386-5486768,2022-04-30,Shipped,Amazon,kurta,1,363,TAMIL NADU
403-7652993-1507525,2022-04-30,Shipped,Amazon,Set,1,631,ODISHA
407-3847456-6656309,2022-04-30,Shipped,Amazon,Set,1,1115,BIHAR
407-3847456-6656309,2022-04-30,Shipped,Amazon,Set,1,968,BIHAR
171-7623384-8040337,2022-04-30,Shipped,Amazon,kurta,1,486,MAHARASHTRA
171-7623384-8040337,2022-04-30,Shipped,Amazon,Set,1,597,MAHARASHTRA
171-4607096-6413920,2022-04-30,Shipped - Delivered to Buyer,Merchant,Set,1,563,MAHARASHTRA
404-6783988-2006729,2022-04-30,Shipped,Amazon,Set,1,597,TAMIL NADU
404-6975277-1927553,2022-04-30,Shipped - Delivered to Buyer,Merchant,kurta,1,458,WEST BENGAL
402-5586272-3646748,2022-04-30,Shipped,Amazon,Set,1,1065,UTTARAKHAND
171-6655820-6440356,2022-04-30,Shipped,Amazon,Set,2,2130,MAHARASHTRA
171-1584788-8864335,2022-04-30,Shipped - Delivered to Buyer,Merchant,Set,1,1099,MAHARASHTRA
402-0150402-0900371,2022-04-30,Shipped,Amazon,Western Dress,1,721,MADHYA PRADESH
408-6791822-5493964,2022-04-30,Shipped,Amazon,Set,1,968,UTTAR PRADESH
405-0483874-0889137,2022-04-30,Shipped,Amazon,Set,1,563,UTTAR PRADESH
407-5600921-2143569,2022-04-30,Cancelled,Merchant,Set,0,995.54,KARNATAKA
404-1607808-0769930,2022-04-30,Cancelled,Amazon,Set,0,,BIHAR
407-5124083-2725136,2022-04-30,Shipped,Amazon,Set,1,682,UTTAR PRADESH
407-4766116-5412325,2022-04-30,Shipped,Amazon,kurta,1,399,HIMACHAL PRADESH
402-6885004-6990731,2022-04-30,Shipped,Amazon,Set,1,626,TAMIL NADU
402-2207276-9869933,2022-04-30,Shipped,Amazon,Set,1,1140,TELANGANA
407-9494293-9423561,2022-04-30,Shipped,Amazon,kurta,1,486,JAMMU & KASHMIR
171-6867266-8495534,2022-04-30,Shipped,Amazon,Set,1,597,KARNATAKA
408-3475592-6193128,2022-04-30,Shipped,Amazon,kurta,1,399,KARNATAKA
171-1987024-2709164,2022-04-30,Shipped,Amazon,Set,1,660,ANDHRA PRADESH
406-1522425-5387565,2022-04-30,Shipped,Amazon,kurta,1,459,TELANGANA
171-3270734-5045130,2022-04-30,Shipped,Amazon,Set,1,631,DELHI
408-4101226-7217932,2022-04-30,Shipped - Delivered to Buyer,Merchant,kurta,1,459,UTTAR PRADESH
171-5719664-5449151,2022-04-30,Cancelled,Amazon,Set,1,597,KARNATAKA
403-9400764-4029123,2022-04-30,Shipped,Amazon,Set,1,852,KARNATAKA
406-8413944-2634744,2022-04-30,Shipped,Amazon,kurta,1,353,TELANGANA
406-8271099-5133911,2022-04-30,Shipped,Amazon,kurta,1,345,KARNATAKA
406-8271099-5133911,2022-04-30,Shipped,Amazon,kurta,1,329,KARNATAKA
405-3441326-1516368,2022-04-30,Shipped,Amazon,Top,1,518,WEST BENGAL
408-8009772-6580317,2022-04-30,Shipped,Amazon,Top,1,387,WEST BENGAL
402-4774686-7773937,2022-04-30,Shipped - Delivered to Buyer,Merchant,Top,1,339,TELANGANA
402-2860689-5652319,2022-04-30,Shipped,Amazon,Western Dress,1,744,MADHYA PRADESH
406-6386989-1689108,2022-04-30,Shipped - Delivered to Buyer,Merchant,Set,1,888,WEST BENGAL
408-9720884-9553122,2022-04-30,Shipped,Amazon,kurta,1,487,ODISHA
408-6428766-2839536,2022-04-30,Shipped - Delivered to Buyer,Merchant,kurta,1,487,ODISHA
408-8641795-6914711,2022-04-30,Shipped,Amazon,Top,1,563,HARYANA
402-9475978-1434754,2022-04-30,Shipped,Amazon,Western Dress,1,859,ANDHRA PRADESH
407-5776821-9327552,2022-04-30,Shipped,Amazon,Set,1,1133,MAHARASHTRA
171-6845071-0336346,2022-04-30,Shipped,Amazon,Set,1,788,MAHARASHTRA
404-7491342-1035558,2022-04-30,Shipped,Amazon,Set,1,1463,MAHARASHTRA
171-6783343-9758701,2022-04-30,Shipped,Amazon,kurta,1,399,PUNJAB
402-0043314-1059527,2022-04-30,Cancelled,Amazon,Western Dress,1,744,MADHYA PRADESH
406-6586654-6641140,2022-04-30,Shipped - Delivered to Buyer,Merchant,kurta,1,487,KARNATAKA
405-6120626-0941135,2022-04-30,Shipped,Amazon,Set,1,657,KARNATAKA
408-9255314-3102740,2022-04-30,Shipped,Amazon,Set,1,1133,MAHARASHTRA
408-3436456-9893130,2022-04-30,Shipped,Amazon,kurta,1,399,MAHARASHTRA
408-3870331-6287517,2022-04-30,Shipped,Amazon,kurta,1,399,UTTARAKHAND
408-3870331-6287517,2022-04-30,Shipped,Amazon,kurta,1,399,UTTARAKHAND
407-2882576-2777135,2022-04-30,Shipped - Delivered to Buyer,Merchant,Set,1,1233,TELANGANA
403-2256919-4846738,2022-04-30,Shipped - Delivered to Buyer,Merchant,Western Dress,1,825,KARNATAKA
403-2920089-2403567,2022-04-30,Shipped,Amazon,Top,1,487,TAMIL NADU
406-7792526-4685142,2022-04-30,Shipped,Amazon,Set,1,563,TELANGANA
406-7680255-6117120,2022-04-30,Shipped,Amazon,kurta,1,399,TELANGANA
402-4646784-8411501,2022-04-30,Shipped - Delivered to Buyer,Merchant,kurta,1,471,HARYANA
405-2788163-4515521,2022-04-30,Shipped - Delivered to Buyer,Merchant,kurta,1,342,MADHYA PRADESH
405-1757140-2025918,2022-04-30,Shipped,Amazon,kurta,1,432,MADHYA PRADESH
403-9105351-8453114,2022-04-30,Shipped,Amazon,kurta,1,399,UTTARAKHAND
402-0503400-6235514,2022-04-30,Shipped,Amazon,Set,1,736,TAMIL NADU
408-3201739-2676310,2022-04-30,Shipped,Amazon,Set,1,1260,MAHARASHTRA
171-8027093-8553945,2022-04-30,Shipped,Amazon,kurta,1,399,UTTARAKHAND
403-3331597-7637100,2022-04-30,Shipped,Amazon,Set,1,1133,ODISHA
403-4424319-6635501,2022-04-30,Shipped,Amazon,Set,1,759,Goa
403-0906375-2269150,2022-04-30,Cancelled,Amazon,kurta,1,475,MADHYA PRADESH
406-7261451-5682727,2022-04-30,Shipped,Amazon,Western Dress,1,744,KARNATAKA
407-5096970-7475550,2022-04-30,Cancelled,Merchant,Set,0,1902.86,UTTAR PRADESH
402-6566640-5417947,2022-04-30,Shipped,Amazon,Western Dress,1,771,TELANGANA
402-5302912-6805151,2022-04-30,Shipped - Delivered to Buyer,Merchant,Western Dress,1,725,TELANGANA
407-9707366-3029944,2022-04-30,Cancelled,Merchant,kurta,0,473.33,DELHI
402-1365379-0131533,2022-04-30,Cancelled,Amazon,Set,0,,TELANGANA
408-5540360-9479519,2022-04-30,Shipped - Delivered to Buyer,Merchant,Set,1,759,MEGHALAYA
403-2079921-1244300,2022-04-30,Cancelled,Amazon,kurta,1,475,MADHYA PRADESH
402-8019936-6115500,2022-04-30,Cancelled,Amazon,Set,1,654,KARNATAKA
406-6711228-7576354,2022-04-30,Cancelled,Amazon,Western Dress,1,791,KARNATAKA
171-1425554-3718756,2022-04-30,Shipped,Amazon,Western Dress,1,744,KARNATAKA
407-9906412-0889129,2022-04-30,Shipped,Amazon,kurta,1,376,WEST BENGAL
408-8991303-6559523,2022-04-30,Shipped,Amazon,kurta,1,399,TAMIL NADU
408-6046797-8945127,2022-04-30,Shipped,Amazon,Set,1,599,WEST BENGAL
171-2134173-5385136,2022-04-30,Shipped,Amazon,kurta,1,782,KARNATAKA
171-2134173-5385136,2022-04-30,Shipped,Amazon,kurta,1,362,KARNATAKA
402-2155477-9353103,2022-04-30,Shipped,Amazon,Set,1,1173,ODISHA
407-8580022-5578715,2022-04-30,Shipped - Delivered to Buyer,Merchant,Western Dress,1,744,HARYANA
402-1572540-8678700,2022-04-30,Shipped,Amazon,Western Dress,1,725,WEST BENGAL
171-1887627-9813158,2022-04-30,Shipped,Amazon,kurta,1,376,ANDHRA PRADESH
408-7712483-3825907,2022-04-30,Shipped - Delivered to Buyer,Merchant,kurta,1,459,UTTAR PRADESH
402-3621298-2630741,2022-04-30,Cancelled,Amazon,Set,1,654,KARNATAKA
404-8745561-3169903,2022-04-30,Shipped,Amazon,kurta,1,379,UTTAR PRADESH
404-1508602-9433941,2022-04-30,Shipped,Amazon,Set,1,696,WEST BENGAL
171-9371949-6030721,2022-04-30,Shipped,Amazon,Set,1,597,WEST BENGAL
171-2705563-6985105,2022-04-30,Shipped,Amazon,Set,1,692,NAGALAND
171-3537751-4007556,2022-04-30,Shipped,Amazon,Set,1,1999,ANDHRA PRADESH
408-5990312-3581165,2022-04-30,Shipped,Amazon,Set,1,824,PUDUCHERRY
403-6062596-1220349,2022-04-30,Shipped,Amazon,kurta,1,399,GOA
171-8220241-5105927,2022-04-30,Shipped,Amazon,kurta,1,737,KARNATAKA
408-9405529-3743511,2022-04-30,Shipped,Amazon,kurta,1,399,TELANGANA
402-3595365-1666728,2022-04-30,Cancelled,Amazon,Set,1,899,UTTAR PRADESH
407-3271219-3762757,2022-04-30,Shipped,Amazon,kurta,1,368,MAHARASHTRA
402-3660716-8589107,2022-04-30,Shipped - Delivered to Buyer,Merchant,kurta,1,471,KERALA
171-3953233-6135505,2022-04-30,Shipped,Amazon,kurta,1,399,UTTAR PRADESH
402-5525660-2118707,2022-04-30,Shipped,Amazon,kurta,1,376,TAMIL NADU
406-9941718-1734719,2022-04-30,Shipped - Delivered to Buyer,Merchant,kurta,1,544,KARNATAKA
171-1297873-2176339,2022-04-30,Shipped,Amazon,kurta,1,499,TELANGANA
407-6401192-4057954,2022-04-30,Shipped,Amazon,Top,1,426,KARNATAKA
406-3397500-8084361,2022-04-30,Shipped,Amazon,kurta,1,399,KARNATAKA
171-9620288-8918704,2022-04-30,Cancelled,Amazon,Set,0,,UTTARAKHAND
402-8089760-1132331,2022-04-30,Shipped,Amazon,Set,1,995,DELHI
403-7042175-3905937,2022-04-30,Shipped,Amazon,kurta,1,499,WEST BENGAL
403-7042175-3905937,2022-04-30,Shipped,Amazon,kurta,1,499,WEST BENGAL
407-4629176-4141949,2022-04-30,Shipped,Amazon,Set,1,597,MAHARASHTRA
171-7306449-0588335,2022-04-30,Shipped,Amazon,kurta,1,562,DELHI
407-1396965-6726703,2022-04-30,Shipped,Amazon,kurta,1,696,BIHAR
407-0624641-6557144,2022-04-30,Shipped,Amazon,Set,1,788,TELANGANA
405-8444009-8723509,2022-04-30,Shipped,Amazon,kurta,1,399,DELHI
406-5729580-2175565,2022-04-30,Shipped,Amazon,Set,1,1099,WEST BENGAL
404-2255967-5457950,2022-04-30,Shipped,Amazon,Set,1,476,TELANGANA
408-5020509-5674715,2022-04-30,Shipped - Returned to Seller,Merchant,Western Dress,1,0,DELHI
407-7642883-3094732,2022-04-30,Shipped - Delivered to Buyer,Merchant,Western Dress,1,885,ASSAM
404-7608918-0571517,2022-04-30,Shipped,Amazon,Set,1,654,JAMMU & KASHMIR
171-6589781-2209965,2022-04-30,Shipped,Amazon,Western Dress,1,625,MAHARASHTRA
405-9442254-2207515,2022-04-30,Shipped - Delivered to Buyer,Merchant,kurta,1,505,KERALA
405-3071731-6600369,2022-04-30,Shipped,Amazon,kurta,1,563,KERALA
404-6026001-1717923,2022-04-30,Cancelled,Merchant,kurta,0,344.76,UTTAR PRADESH
404-4026534-0431517,2022-04-30,Cancelled,Amazon,Set,0,,MAHARASHTRA
406-4970885-3273941,2022-04-30,Shipped - Delivered to Buyer,Merchant,kurta,1,666,MAHARASHTRA
406-2942566-8263534,2022-04-30,Shipped - Delivered to Buyer,Merchant,kurta,1,399,TELANGANA
406-7501816-7391539,2022-04-30,Shipped - Delivered to Buyer,Merchant,kurta,1,432,UTTARAKHAND
408-3137526-3167563,2022-04-30,Shipped,Amazon,kurta,1,0,WEST BENGAL
408-5211576-2061139,2022-04-30,Shipped,Amazon,Set,1,1099,JHARKHAND
406-9632792-8869139,2022-04-30,Shipped,Amazon,kurta,1,353,KARNATAKA
408-7971979-8745937,2022-04-30,Shipped - Delivered to Buyer,Merchant,Western Dress,1,0,PUNJAB
405-5166820-2566738,2022-04-30,Shipped,Amazon,Set,1,563,KARNATAKA
405-8932002-4271522,2022-04-30,Shipped,Amazon,Set,1,788,TELANGANA
404-1855398-2642751,2022-04-30,Shipped,Amazon,Set,1,654,BIHAR
408-0912805-7526753,2022-04-30,Shipped,Amazon,Set,1,0,MAHARASHTRA
402-2403704-9667560,2022-04-30,Shipped,Amazon,kurta,1,399,TELANGANA
405-2569549-3466719,2022-04-30,Shipped,Amazon,Set,1,696,UTTAR PRADESH
405-2822825-3877133,2022-04-30,Shipped,Amazon,Set,1,1112,UTTAR PRADESH
171-5222377-4501935,2022-04-30,Shipped,Amazon,kurta,1,517,ANDHRA PRADESH
171-2644368-7969167,2022-04-30,Shipped,Amazon,Set,1,888,ANDHRA PRADESH
171-2644368-7969167,2022-04-30,Shipped,Amazon,Set,1,1463,ANDHRA PRADESH
171-2644368-7969167,2022-04-30,Shipped,Amazon,kurta,1,399,ANDHRA PRADESH
171-2644368-7969167,2022-04-30,Shipped,Amazon,kurta,1,442,ANDHRA PRADESH
171-2644368-7969167,2022-04-30,Shipped,Amazon,Set,1,1149,ANDHRA PRADESH
171-2644368-7969167,2022-04-30,Shipped,Amazon,Ethnic Dress,1,845,ANDHRA PRADESH
171-1758807-7455529,2022-04-30,Shipped,Amazon,Set,1,788,WEST BENGAL
404-5848202-7366725,2022-04-30,Cancelled,Merchant,Western Dress,0,734.29,TELANGANA
408-8224264-0017161,2022-04-30,Shipped,Amazon,Set,1,788,DELHI
408-6529937-6381928,2022-04-30,Shipped,Amazon,Set,1,654,GOA
407-2028379-9672355,2022-04-30,Shipped,Amazon,kurta,1,518,TAMIL NADU
402-9221687-4573915,2022-04-30,Shipped,Amazon,Set,1,626,TELANGANA
405-2668017-2013957,2022-04-30,Shipped,Amazon,kurta,1,534,UTTAR PRADESH
408-3337319-8990747,2022-04-30,Shipped,Amazon,kurta,1,475,Gujarat
407-1256885-2004349,2022-04-30,Shipped,Amazon,kurta,1,549,ODISHA
404-3723311-1030756,2022-04-30,Shipped,Amazon,kurta,1,518,TAMIL NADU
171-5542306-9306709,2022-04-30,Cancelled,Amazon,Western Dress,0,,MAHARASHTRA
406-3702147-1800341,2022-04-30,Shipped - Delivered to Buyer,Merchant,Western Dress,1,725,TELANGANA
404-5867260-9073129,2022-04-30,Cancelled,Merchant,kurta,0,437.14,TAMIL NADU
404-0532727-2082745,2022-04-30,Shipped,Amazon,Set,1,1499,TELANGANA
403-8966287-7773106,2022-04-30,Shipped,Amazon,kurta,1,363,KARNATAKA
408-1512444-4965152,2022-04-30,Shipped,Amazon,kurta,1,399,BIHAR
171-9451879-3651542,2022-04-30,Shipped,Amazon,kurta,1,487,WEST BENGAL
408-8501185-0578768,2022-04-30,Cancelled,Amazon,Set,1,824,PUDUCHERRY
402-0251823-0845133,2022-04-30,Shipped - Delivered to Buyer,Merchant,kurta,1,353,MEGHALAYA
408-5190897-8781155,2022-04-30,Shipped,Amazon,Top,1,487,MAHARASHTRA
403-3109934-4911514,2022-04-30,Shipped,Amazon,Set,1,597,ANDHRA PRADESH
407-0718034-7893108,2022-04-30,Shipped,Amazon,Set,1,654,UTTAR PRADESH
404-0752237-5721965,2022-04-30,Shipped,Amazon,Set,1,597,TELANGANA
403-6818986-3510737,2022-04-30,Cancelled,Amazon,kurta,1,363,KARNATAKA
403-4673019-6572340,2022-04-30,Shipped,Amazon,kurta,1,471,MADHYA PRADESH
171-4549643-0067500,2022-04-30,Cancelled,Amazon,kurta,0,,MAHARASHTRA
404-3622512-3887551,2022-04-30,Shipped,Amazon,Western Dress,1,744,ASSAM
406-6906315-9570765,2022-04-30,Shipped,Amazon,kurta,1,399,TAMIL NADU
407-3562449-1962729,2022-04-30,Shipped - Delivered to Buyer,Merchant,kurta,1,568,KARNATAKA
408-2593644-6317933,2022-04-30,Shipped,Amazon,Set,1,835,KARNATAKA
407-7607527-1189964,2022-04-30,Shipped - Rejected by Buyer,Merchant,kurta,1,568,KARNATAKA
405-7398388-2654744,2022-04-30,Shipped,Amazon,Western Dress,1,899,JHARKHAND
405-5066690-4132337,2022-04-30,Shipped,Amazon,kurta,1,406,KARNATAKA
408-6466311-6949931,2022-04-30,Shipped,Amazon,Set,1,0,UTTAR PRADESH
171-4643830-2345965,2022-04-30,Cancelled,Merchant,Set,0,570.48,MAHARASHTRA
404-1051549-5381167,2022-04-30,Shipped - Delivered to Buyer,Merchant,kurta,1,399,TELANGANA
406-7625210-8793109,2022-04-30,Shipped,Amazon,Set,1,789,TAMIL NADU
406-8665288-2025908,2022-04-30,Shipped,Amazon,Saree,1,620,DELHI
408-6732772-4525113,2022-04-30,Shipped - Delivered to Buyer,Merchant,Set,1,0,MAHARASHTRA
171-7068385-2777168,2022-04-30,Shipped - Delivered to Buyer,Merchant,Set,1,631,MAHARASHTRA
405-9930530-1209919,2022-04-30,Shipped,Amazon,kurta,1,499,MADHYA PRADESH
407-0288006-5535531,2022-04-30,Shipped,Amazon,Western Dress,1,807,TELANGANA
403-6363820-3080315,2022-04-30,Shipped,Amazon,Set,1,666,PUDUCHERRY
408-7937211-8974712,2022-04-30,Shipped,Amazon,Set,1,0,MAHARASHTRA
407-4283259-6933941,2022-04-30,Shipped,Amazon,kurta,1,329,TAMIL NADU
407-3630361-4581152,2022-04-30,Cancelled,Amazon,kurta,0,,TAMIL NADU
408-6348199-2089932,2022-04-30,Shipped,Amazon,Set,1,0,JHARKHAND
408-5824761-8505932,2022-04-30,Shipped - Delivered to Buyer,Merchant,kurta,1,399,UTTAR PRADESH
406-0673842-3693910,2022-04-30,Shipped,Amazon,kurta,1,399,KARNATAKA
405-0722232-7258752,2022-04-30,Shipped,Amazon,kurta,1,487,MADHYA PRADESH
408-0224364-7467540,2022-04-30,Shipped,Amazon,Set,1,1033,DELHI
408-2445040-0957913,2022-04-30,Shipped,Amazon,Top,1,625,KARNATAKA
406-8412164-3153129,2022-04-30,Shipped,Amazon,Top,1,432,MAHARASHTRA
407-5524319-6977912,2022-04-30,Cancelled,Amazon,kurta,0,,KERALA
407-7757868-6086759,2022-04-30,Shipped,Amazon,Set,1,1115,DELHI
171-5065107-7793119,2022-04-30,Shipped,Amazon,kurta,1,511,UTTAR PRADESH
403-0216195-8439543,2022-04-30,Shipped,Amazon,Set,1,599,ODISHA
402-9874837-4557125,2022-04-30,Shipped,Amazon,Top,1,545,MAHARASHTRA
408-8892348-9765950,2022-04-30,Shipped,Amazon,kurta,1,353,MAHARASHTRA
408-6417023-0253911,2022-04-30,Shipped,Amazon,Set,1,563,MAHARASHTRA
407-4004149-2857161,2022-04-30,Shipped,Amazon,Top,1,487,MAHARASHTRA
404-6408992-6781106,2022-04-30,Shipped,Amazon,kurta,1,352,TAMIL NADU
407-9345273-2408359,2022-04-30,Shipped,Amazon,kurta,1,376,TAMIL NADU
408-0266080-9401113,2022-04-30,Shipped - Returned to Seller,Merchant,Top,1,599,HARYANA
404-6096382-3389133,2022-04-30,Shipped - Delivered to Buyer,Merchant,Blouse,1,329,PUNJAB
405-9737320-3923530,2022-04-30,Shipped,Amazon,Set,1,1133,GOA
402-7908398-5262750,2022-04-30,Shipped,Amazon,Set,1,684,MANIPUR
407-6861831-9368312,2022-04-30,Cancelled,Amazon,Set,0,,ASSAM
406-4290163-4557960,2022-04-30,Cancelled,Amazon,kurta,1,435,TELANGANA
405-9000587-4386763,2022-04-30,Shipped,Amazon,kurta,1,399,MAHARASHTRA
405-9000587-4386763,2022-04-30,Shipped,Amazon,kurta,1,399,MAHARASHTRA
404-7760595-7490722,2022-04-30,Cancelled,Amazon,kurta,1,399,KARNATAKA
403-8206114-6438765,2022-04-30,Shipped,Amazon,Set,1,788,WEST BENGAL
404-6734371-2217151,2022-04-30,Shipped - Delivered to Buyer,Merchant,kurta,1,549,KARNATAKA
403-9844758-9663515,2022-04-30,Shipped,Amazon,Set,1,654,MAHARASHTRA
402-1037282-5400318,2022-04-30,Shipped,Amazon,kurta,1,399,MAHARASHTRA
408-6497115-2636366,2022-04-30,Shipped - Delivered to Buyer,Merchant,Set,1,599,TELANGANA
408-2311178-4563550,2022-04-30,Shipped,Amazon,Set,1,874,TELANGANA
171-7904830-1900363,2022-04-30,Shipped - Delivered to Buyer,Merchant,kurta,1,533,TELANGANA
406-9476969-2801163,2022-04-30,Shipped,Amazon,kurta,1,399,KARNATAKA
403-2867551-8904322,2022-04-30,Shipped,Amazon,Western Dress,1,744,KARNATAKA
407-0133690-8157926,2022-04-30,Shipped,Amazon,kurta,1,499,Gujarat
402-2892726-4411563,2022-04-30,Cancelled,Amazon,kurta,1,399,MAHARASHTRA
402-9688522-2179563,2022-04-30,Shipped,Amazon,kurta,1,376,ANDHRA PRADESH
404-7977517-7125147,2022-04-30,Shipped,Amazon,kurta,1,486,KARNATAKA
403-4009455-2766717,2022-04-30,Shipped,Amazon,kurta,1,399,RAJASTHAN
408-8960391-6097167,2022-04-30,Cancelled,Amazon,kurta,0,,MAHARASHTRA
406-9811989-3946709,2022-04-30,Shipped,Amazon,kurta,1,424,MAHARASHTRA
406-0361691-7797129,2022-04-30,Shipped - Delivered to Buyer,Merchant,kurta,1,362,MAHARASHTRA
408-9628391-5712365,2022-04-30,Shipped,Amazon,Top,1,599,PUNJAB
408-1587720-2667552,2022-04-30,Shipped,Amazon,Set,1,597,WEST BENGAL
171-5980259-5726757,2022-04-30,Shipped,Amazon,Top,1,487,TELANGANA
405-2266530-9531500,2022-04-30,Shipped - Delivered to Buyer,Merchant,Set,1,563,MAHARASHTRA
408-3468189-1632369,2022-04-30,Shipped,Amazon,kurta,1,487,TAMIL NADU
402-8199412-5613164,2022-04-30,Shipped,Amazon,Set,1,1099,MADHYA PRADESH
406-8049367-7383569,2022-04-30,Shipped,Amazon,Set,1,654,HARYANA
404-4084311-5014713,2022-04-30,Shipped,Amazon,kurta,1,329,TELANGANA
405-4491602-9761902,2022-04-30,Cancelled,Amazon,Western Dress,0,,CHHATTISGARH
404-3973098-9107502,2022-04-30,Shipped,Amazon,Set,1,1186,ODISHA
404-8364446-3952321,2022-04-30,Shipped,Amazon,Western Dress,1,588,ANDHRA PRADESH
408-4378624-3886712,2022-04-30,Cancelled,Amazon,kurta,0,,UTTAR PRADESH
408-2058872-0942730,2022-04-30,Shipped,Amazon,kurta,1,329,ANDHRA PRADESH
408-2058872-0942730,2022-04-30,Shipped,Amazon,kurta,1,259,ANDHRA PRADESH
404-5141245-7726736,2022-04-30,Shipped,Amazon,kurta,1,487,ANDHRA PRADESH
405-5489495-6651552,2022-04-30,Shipped - Delivered to Buyer,Merchant,Set,1,549,UTTARAKHAND
171-6816175-3049154,2022-04-30,Shipped,Amazon,Set,1,626,ANDHRA PRADESH
408-7342331-1733136,2022-04-30,Cancelled,Amazon,kurta,0,,MAHARASHTRA
402-1721558-6618710,2022-04-30,Cancelled,Merchant,kurta,0,570.48,TELANGANA
406-2138801-8731538,2022-04-30,Shipped - Delivered to Buyer,Merchant,kurta,1,319,TAMIL NADU
407-1271803-1705135,2022-04-30,Shipped,Amazon,Top,1,518,UTTAR PRADESH
408-0666162-2209142,2022-04-30,Shipped,Amazon,Ethnic Dress,1,899,RAJASTHAN
404-8344681-3468344,2022-04-30,Shipped,Amazon,Western Dress,1,807,UTTAR PRADESH
405-5365766-8023559,2022-04-30,Shipped - Delivered to Buyer,Merchant,Top,1,463,TELANGANA
405-2729845-2846741,2022-04-30,Shipped,Amazon,Set,1,653,KARNATAKA
407-7312276-7007540,2022-04-30,Shipped,Amazon,Set,1,1140,DELHI
407-6910434-1793162,2022-04-30,Cancelled,Amazon,kurta,0,,ODISHA
407-7361111-8973957,2022-04-30,Shipped,Amazon,Set,1,1260,UTTAR PRADESH
406-2349830-7633129,2022-04-30,Shipped,Amazon,Set,1,909,TELANGANA
404-0553710-6997951,2022-04-30,Cancelled,Amazon,kurta,0,,Gujarat
404-5682813-1706729,2022-04-30,Shipped,Amazon,Set,1,968,DELHI
171-0355946-6502712,2022-04-30,Shipped,Amazon,Set,1,788,MAHARASHTRA
405-5141255-1451535,2022-04-30,Shipped,Amazon,Western Dress,1,771,WEST BENGAL
402-4712282-7084353,2022-04-30,Shipped,Amazon,kurta,1,399,MAHARASHTRA
408-4929717-0247504,2022-04-30,Shipped,Amazon,Set,1,888,ANDHRA PRADESH
408-4929717-0247504,2022-04-30,Shipped,Amazon,Set,1,1221,ANDHRA PRADESH
407-0903946-2097158,2022-04-30,Shipped,Amazon,kurta,1,399,KERALA
403-3362230-0094739,2022-04-30,Shipped - Delivered to Buyer,Merchant,kurta,1,471,KARNATAKA
404-2227887-7441969,2022-04-30,Shipped,Amazon,Set,1,545,MAHARASHTRA
407-8016372-7101131,2022-04-30,Shipped,Amazon,Set,1,968,UTTAR PRADESH
407-2520173-9985116,2022-04-30,Shipped,Amazon,kurta,1,499,Gujarat
407-3257788-4892350,2022-04-30,Shipped,Amazon,kurta,1,399,ANDHRA PRADESH
408-7201398-0382766,2022-04-30,Shipped,Amazon,kurta,1,399,Gujarat
407-1181422-6183500,2022-04-30,Cancelled,Amazon,Set,0,,KARNATAKA
408-6235816-9261123,2022-04-30,Cancelled,Amazon,kurta,1,471,KARNATAKA
408-5823964-2421167,2022-04-30,Cancelled,Merchant,kurta,0,386.67,KARNATAKA
408-2752424-0976355,2022-04-30,Cancelled,Merchant,kurta,0,452.38,BIHAR
408-1221783-1443515,2022-04-30,Shipped,Amazon,Set,1,1112,MAHARASHTRA
404-3977029-4836363,2022-04-30,Cancelled,Amazon,Set,0,,MAHARASHTRA
406-6993846-8855562,2022-04-30,Shipped,Amazon,Set,1,1338,UTTARAKHAND
405-5018129-4536368,2022-04-30,Shipped,Amazon,kurta,1,517,KARNATAKA
406-3787864-1268330,2022-04-30,Shipped,Amazon,kurta,1,329,MAHARASHTRA
171-8504713-0689107,2022-04-30,Shipped,Amazon,Western Dress,1,725,UTTAR PRADESH
402-9564773-1029157,2022-04-30,Shipped,Amazon,kurta,1,363,RAJASTHAN
405-4930362-9342759,2022-04-30,Shipped,Amazon,Set,1,666,ODISHA
402-4976284-7401969,2022-04-30,Cancelled,Amazon,Set,0,,HARYANA
404-7724638-9574745,2022-04-30,Cancelled,Amazon,Western Dress,1,588,ANDHRA PRADESH
408-9182064-6638723,2022-04-30,Shipped,Amazon,Set,1,449,TAMIL NADU
171-9163388-0505130,2022-04-30,Shipped,Amazon,Set,1,696,WEST BENGAL
171-4737030-9245958,2022-04-30,Shipped,Amazon,kurta,1,459,HIMACHAL PRADESH
402-3889665-2309117,2022-04-30,Shipped - Delivered to Buyer,Merchant,Top,1,625,MAHARASHTRA
404-0489249-5004350,2022-04-30,Shipped,Amazon,Set,1,654,UTTAR PRADESH
402-5795462-7785129,2022-04-30,Shipped,Amazon,kurta,1,399,MAHARASHTRA
402-1771710-8988341,2022-04-30,Shipped,Amazon,Set,1,595,TAMIL NADU
407-8782240-5186712,2022-04-30,Shipped,Amazon,Set,1,597,MAHARASHTRA
406-1146171-5116306,2022-04-30,Shipped,Amazon,Set,1,582,DELHI
405-4454054-5598720,2022-04-30,Shipped,Amazon,Set,1,612,MAHARASHTRA
405-0904566-9930731,2022-04-30,Shipped,Amazon,Set,1,654,UTTAR PRADESH
405-2826187-6916328,2022-04-30,Shipped - Delivered to Buyer,Merchant,Top,1,518,DELHI
404-5926144-0737167,2022-04-30,Shipped,Amazon,Set,1,820,MADHYA PRADESH
407-0010438-9058746,2022-04-30,Shipped,Amazon,Set,1,801,UTTAR PRADESH
405-7730926-6032325,2022-04-30,Cancelled,Merchant,kurta,0,,UTTAR PRADESH
171-6907664-7672347,2022-04-30,Shipped,Amazon,kurta,1,399,MAHARASHTRA
404-0072596-3665116,2022-04-30,Shipped,Amazon,Top,1,540,KERALA
406-8833813-9606757,2022-04-30,Shipped,Amazon,Set,1,1338,KERALA
408-3892272-6235562,2022-04-30,Shipped,Amazon,Top,1,540,WEST BENGAL
171-9584070-4172351,2022-04-30,Shipped,Amazon,Top,1,625,TELANGANA
402-1220435-6391519,2022-04-30,Shipped - Delivered to Buyer,Merchant,kurta,1,364,MAHARASHTRA
404-5137687-4471546,2022-04-30,Shipped,Amazon,kurta,1,429,CHHATTISGARH
171-0065908-0641927,2022-04-30,Cancelled,Amazon,Western Dress,1,899,KARNATAKA
403-3416641-9569165,2022-04-30,Cancelled,Amazon,Set,0,,PUNJAB
404-1694926-5861958,2022-04-30,Shipped,Amazon,Set,1,1126,ODISHA
402-5767256-6281114,2022-04-30,Shipped,Amazon,Set,1,788,KARNATAKA
403-3410267-0750719,2022-04-30,Shipped,Amazon,Top,1,432,MAHARASHTRA
403-9122678-2549117,2022-04-30,Shipped,Amazon,kurta,1,376,TELANGANA
402-7676083-2016323,2022-04-30,Shipped,Amazon,Western Dress,1,725,TELANGANA
404-7830524-8312347,2022-04-30,Shipped,Amazon,Western Dress,1,744,TELANGANA
402-5917367-0340362,2022-04-30,Shipped - Delivered to Buyer,Merchant,Western Dress,1,825,Gujarat
408-7154712-8009957,2022-04-30,Shipped,Amazon,kurta,1,399,TAMIL NADU
402-6250862-8853945,2022-04-30,Shipped,Amazon,Set,1,1213,TRIPURA
406-0002738-2742749,2022-04-30,Shipped,Amazon,Set,1,680,RAJASTHAN
403-6658095-6765934,2022-04-30,Shipped - Delivered to Buyer,Merchant,kurta,1,568,HARYANA
402-7304691-3952343,2022-04-30,Shipped,Amazon,Set,1,939,TELANGANA
407-6959497-7065133,2022-04-30,Shipped,Amazon,Top,1,279,KARNATAKA
406-0117804-3287554,2022-04-30,Shipped,Amazon,kurta,1,487,JHARKHAND
407-9183800-1013951,2022-04-30,Shipped,Amazon,kurta,1,458,Gujarat
405-0930056-6437111,2022-04-30,Shipped,Amazon,kurta,1,692,UTTAR PRADESH
405-7472210-7516334,2022-04-30,Shipped,Amazon,Top,1,469,TELANGANA
408-4366006-6437145,2022-04-30,Shipped,Amazon,kurta,1,399,UTTAR PRADESH
403-3676854-5721945,2022-04-30,Shipped,Amazon,Set,1,599,UTTAR PRADESH
408-6618566-0057120,2022-04-30,Shipped,Amazon,Set,1,680,KARNATAKA
171-7822891-4076363,2022-04-30,Cancelled,Amazon,Set,0,,GOA
406-3015774-3032307,2022-04-30,Shipped,Amazon,Saree,1,989,Gujarat
407-8925293-2306747,2022-04-30,Shipped - Delivered to Buyer,Merchant,Set,1,1099,JAMMU & KASHMIR
402-7386453-2621962,2022-04-30,Shipped,Amazon,Western Dress,1,588,MAHARASHTRA
405-7939580-3974740,2022-04-30,Cancelled,Amazon,Set,1,999,UTTAR PRADESH
402-1304000-3677964,2022-04-30,Shipped,Amazon,kurta,1,487,TELANGANA
403-7294367-8346767,2022-04-30,Shipped,Amazon,Set,1,653,ANDHRA PRADESH
403-7294367-8346767,2022-04-30,Shipped,Amazon,Set,1,496,ANDHRA PRADESH
406-3069661-8992322,2022-04-30,Shipped,Amazon,kurta,1,319,UTTAR PRADESH
405-6917473-7822701,2022-04-30,Cancelled,Amazon,Set,0,,TELANGANA
405-2853362-9249968,2022-04-30,Shipped,Amazon,Set,1,1112,KARNATAKA
408-5685967-2798764,2022-04-30,Shipped,Amazon,kurta,1,517,UTTAR PRADESH
407-1521483-6236364,2022-04-30,Shipped,Amazon,Set,1,597,TAMIL NADU
407-3192826-3199543,2022-04-30,Shipped,Amazon,Set,1,1099,PUNJAB
405-6680529-6046716,2022-04-30,Shipped,Amazon,kurta,1,375,DELHI
407-3789221-2643524,2022-04-30,Shipped,Amazon,kurta,1,517,TAMIL NADU
171-0201364-0214715,2022-04-30,Shipped,Amazon,Set,1,692,RAJASTHAN
404-5782230-8762723,2022-04-30,Shipped,Amazon,kurta,1,486,MAHARASHTRA
404-2222453-6739538,2022-04-30,Shipped - Delivered to Buyer,Merchant,Set,1,696,MAHARASHTRA
408-7009060-8830716,2022-04-30,Shipped,Amazon,Set,1,1115,KERALA
402-3663529-2350713,2022-04-30,Shipped,Amazon,Set,1,597,UTTAR PRADESH
406-6439645-8186752,2022-04-30,Shipped,Amazon,Set,1,1115,MANIPUR
407-1487637-6585969,2022-04-30,Cancelled,Amazon,kurta,1,329,TAMIL NADU
407-0632004-8093157,2022-04-30,Cancelled,Amazon,kurta,1,318,TAMIL NADU
402-9211704-8331565,2022-04-30,Shipped - Delivered to Buyer,Merchant,kurta,1,499,TAMIL NADU
402-3020801-9225151,2022-04-30,Cancelled,Amazon,Set,1,597,KERALA
403-3917470-4280308,2022-04-30,Shipped - Delivered to Buyer,Merchant,kurta,1,487,TAMIL NADU
403-3917470-4280308,2022-04-30,Shipped - Delivered to Buyer,Merchant,kurta,1,363,TAMIL NADU
171-2628906-0061939,2022-04-30,Shipped,Amazon,kurta,1,459,DELHI
406-3009249-7653118,2022-04-30,Shipped,Amazon,kurta,1,486,ANDHRA PRADESH
171-6395980-8828309,2022-04-30,Shipped,Amazon,kurta,1,568,ANDHRA PRADESH
404-1435490-1121140,2022-04-30,Shipped - Delivered to Buyer,Merchant,kurta,1,562,KARNATAKA
402-7913336-9467565,2022-04-30,Shipped,Amazon,Set,1,995,UTTAR PRADESH
408-7264030-5002700,2022-04-30,Cancelled,Amazon,Set,1,1112,BIHAR
408-9019983-8862750,2022-04-30,Shipped,Amazon,Set,1,635,DELHI
405-1990663-9192363,2022-04-30,Shipped,Amazon,kurta,1,399,UTTARAKHAND
403-5876876-0701925,2022-04-30,Shipped,Amazon,kurta,1,363,TAMIL NADU
405-1437048-4974713,2022-04-30,Cancelled,Amazon,Set,0,,JHARKHAND
402-9348518-5984354,2022-04-30,Cancelled,Amazon,kurta,0,,RAJASTHAN
402-9348518-5984354,2022-04-30,Cancelled,Amazon,kurta,0,,RAJASTHAN
406-8892825-4377127,2022-04-30,Cancelled,Amazon,Set,0,,HARYANA
406-7955475-7819507,2022-04-30,Shipped,Amazon,kurta,1,458,KARNATAKA
405-6675358-3715504,2022-04-30,Shipped,Amazon,Set,1,597,MAHARASHTRA
171-7920358-6691543,2022-04-30,Shipped,Amazon,Set,1,597,KARNATAKA
406-7722012-4093964,2022-04-30,Shipped - Delivered to Buyer,Merchant,kurta,1,1249,MADHYA PRADESH
408-7616878-8551517,2022-04-30,Shipped,Amazon,Set,1,801,PUNJAB
408-8068196-8707526,2022-04-30,Cancelled,Amazon,kurta,0,,MAHARASHTRA
407-2512537-5717124,2022-04-30,Shipped,Amazon,kurta,1,393,KARNATAKA
406-3257301-5556318,2022-04-30,Shipped,Amazon,Western Dress,1,744,TAMIL NADU
402-7784273-3159533,2022-04-30,Shipped,Amazon,Top,1,540,RAJASTHAN
403-9745522-7408318,2022-04-30,Shipped,Amazon,Set,1,696,ODISHA
405-7523500-6097912,2022-04-30,Shipped,Amazon,Top,1,512,WEST BENGAL
171-0947491-1860302,2022-04-30,Shipped,Amazon,Set,1,922,MAHARASHTRA
407-9614308-2636322,2022-04-30,Shipped,Amazon,Set,1,818,ANDHRA PRADESH
171-6153595-4758722,2022-04-30,Shipped,Amazon,Set,2,2224,MAHARASHTRA
402-0721169-8180327,2022-04-30,Shipped,Amazon,Set,1,1112,WEST BENGAL
406-9129776-9779513,2022-04-30,Shipped,Amazon,Set,1,792,HIMACHAL PRADESH
406-4276465-0364334,2022-04-30,Shipped,Amazon,Set,1,824,DELHI
402-8123545-4535558,2022-04-30,Cancelled,Merchant,kurta,0,358.1,TAMIL NADU
408-0987613-5525924,2022-04-30,Cancelled,Amazon,Set,0,,BIHAR
406-0038568-0852338,2022-04-30,Shipped,Amazon,Set,1,759,WEST BENGAL
403-5684700-6277902,2022-04-30,Shipped,Amazon,Western Dress,1,744,TELANGANA
403-2561797-6193141,2022-04-30,Shipped,Amazon,Set,1,1140,WEST BENGAL
406-4980665-9833930,2022-04-30,Shipped,Amazon,Western Dress,1,625,TELANGANA
405-9201316-2870743,2022-04-30,Shipped - Delivered to Buyer,Merchant,Top,1,518,MAHARASHTRA
408-7966317-7457928,2022-04-30,Shipped - Delivered to Buyer,Merchant,Set,1,759,DELHI
171-0983521-4425145,2022-04-30,Shipped,Amazon,Western Dress,1,744,TELANGANA
403-5847066-2369918,2022-04-30,Shipped,Amazon,Set,1,1112,UTTAR PRADESH
404-9771516-3764302,2022-04-30,Shipped,Amazon,Set,1,1140,WEST BENGAL
405-0534257-8109938,2022-04-30,Shipped,Amazon,kurta,1,486,DELHI
171-5702903-4981901,2022-04-30,Shipped - Delivered to Buyer,Merchant,Set,1,888,UTTAR PRADESH
406-6474243-1265115,2022-04-30,Shipped,Amazon,Set,1,666,LADAKH
405-3523941-5355524,2022-04-30,Shipped - Delivered to Buyer,Merchant,kurta,1,487,TELANGANA
405-3523941-5355524,2022-04-30,Shipped - Delivered to Buyer,Merchant,Set,1,597,TELANGANA
403-5082537-8368348,2022-04-30,Shipped - Delivered to Buyer,Merchant,kurta,1,363,KARNATAKA
408-5947919-3506726,2022-04-30,Shipped,Amazon,Top,1,512,MAHARASHTRA
408-6114783-6199528,2022-04-30,Shipped,Amazon,Western Dress,1,377,UTTAR PRADESH
408-6114783-6199528,2022-04-30,Shipped,Amazon,Western Dress,1,377,UTTAR PRADESH
408-9630926-2785104,2022-04-30,Cancelled,Amazon,Set,0,,ODISHA
403-5342526-7867558,2022-04-30,Cancelled,Merchant,kurta,0,,HARYANA
404-2255125-4533134,2022-04-30,Shipped,Amazon,Set,1,967,TAMIL NADU
171-5594281-0212357,2022-04-30,Shipped - Delivered to Buyer,Merchant,Set,1,788,MEGHALAYA
405-6041428-1576346,2022-04-30,Cancelled,Amazon,Set,0,,HARYANA
405-5933927-3375545,2022-04-30,Cancelled,Merchant,Set,0,1058.93,HARYANA
405-5933927-3375545,2022-04-30,Cancelled,Merchant,Set,0,1249.11,HARYANA
405-3785331-3948333,2022-04-30,Shipped,Amazon,Set,1,597,TELANGANA
404-8711304-7038702,2022-04-30,Shipped,Amazon,Set,1,1112,TELANGANA
405-2872303-9941933,2022-04-30,Cancelled,Merchant,kurta,0,700.96,Gujarat
402-6464284-9643538,2022-04-30,Shipped,Amazon,Set,1,1213,UTTAR PRADESH
405-7534473-2900341,2022-04-30,Shipped,Amazon,kurta,1,517,ODISHA
407-2944929-6438702,2022-04-30,Shipped - Delivered to Buyer,Merchant,Set,1,662,ANDHRA PRADESH
171-0362861-1228360,2022-04-30,Shipped,Amazon,kurta,1,568,ANDHRA PRADESH
404-5775216-5570767,2022-04-30,Shipped,Amazon,kurta,1,476,RAJASTHAN
171-2754000-1881907,2022-04-30,Shipped - Delivered to Buyer,Merchant,kurta,1,316,KARNATAKA
408-2784061-1695540,2022-04-30,Shipped,Amazon,kurta,1,486,HIMACHAL PRADESH
403-8794854-0523518,2022-04-30,Shipped,Amazon,kurta,1,517,TELANGANA
404-4680896-8003501,2022-04-30,Cancelled,Amazon,Set,1,1186,MAHARASHTRA
405-8314081-3929157,2022-04-30,Shipped,Amazon,kurta,1,376,TELANGANA
406-1694518-5618746,2022-04-30,Cancelled,Amazon,Top,0,,CHHATTISGARH
408-5094125-1397968,2022-04-30,Shipped,Amazon,Set,1,715,DELHI
402-6569321-5308311,2022-04-30,Shipped,Amazon,Set,1,1065,MAHARASHTRA
406-5828889-4813915,2022-04-30,Shipped,Amazon,Western Dress,1,744,UTTAR PRADESH
402-4832715-9188334,2022-04-30,Shipped,Amazon,kurta,1,399,WEST BENGAL
408-9898972-5365901,2022-04-30,Shipped - Delivered to Buyer,Merchant,Set,1,1099,TELANGANA
408-7275140-3593905,2022-04-30,Shipped,Amazon,Western Dress,1,744,MAHARASHTRA
405-7907546-1330739,2022-04-30,Shipped,Amazon,kurta,1,329,DADRA AND NAGAR
405-7732656-4733913,2022-04-30,Shipped - Delivered to Buyer,Merchant,kurta,1,362,DADRA AND NAGAR
405-7732656-4733913,2022-04-30,Shipped - Delivered to Buyer,Merchant,kurta,1,342,DADRA AND NAGAR
405-7732656-4733913,2022-04-30,Shipped - Delivered to Buyer,Merchant,kurta,1,363,DADRA AND NAGAR
171-5431988-8713937,2022-04-30,Shipped,Amazon,kurta,1,459,MAHARASHTRA
171-6687746-4020351,2022-04-30,Shipped,Amazon,Set,1,888,UTTAR PRADESH
403-3045245-2207560,2022-04-30,Shipped,Amazon,kurta,1,376,DELHI
405-4991185-1773106,2022-04-30,Shipped,Amazon,Set,1,599,MAHARASHTRA
403-6782192-8968326,2022-04-30,Shipped,Amazon,Set,1,916,TAMIL NADU
171-6640050-9516349,2022-04-30,Shipped,Amazon,kurta,1,329,TAMIL NADU
402-5014156-9264316,2022-04-30,Cancelled,Amazon,kurta,0,,TELANGANA
408-8342548-5107567,2022-04-30,Shipped,Amazon,Set,1,626,HIMACHAL PRADESH
404-7769149-3935539,2022-04-30,Shipped,Amazon,Western Dress,1,725,WEST BENGAL
402-5903377-6817119,2022-04-30,Cancelled,Amazon,kurta,0,,KARNATAKA
405-6584819-2669165,2022-04-30,Shipped,Amazon,Set,1,1112,RAJASTHAN
405-9099443-7445111,2022-04-30,Cancelled,Amazon,Set,0,,UTTAR PRADESH
408-3810333-4165930,2022-04-30,Shipped - Delivered to Buyer,Merchant,kurta,1,329,DELHI
405-0881145-7742744,2022-04-30,Shipped,Amazon,Top,1,487,TELANGANA
403-7153786-2898705,2022-04-30,Shipped,Amazon,Set,1,801,MADHYA PRADESH
408-2042136-9817130,2022-04-30,Shipped,Amazon,kurta,1,352,KARNATAKA
408-2042136-9817130,2022-04-30,Shipped,Amazon,kurta,1,442,KARNATAKA
407-8176931-5052349,2022-04-30,Cancelled,Merchant,kurta,0,280.95,TAMIL NADU
407-3305249-3442711,2022-04-30,Cancelled,Amazon,kurta,1,283,TAMIL NADU
403-5215681-9527524,2022-04-30,Shipped,Amazon,Set,1,654,ANDHRA PRADESH
408-3749874-2210712,2022-04-30,Shipped,Amazon,kurta,1,399,ASSAM
406-6143137-4946754,2022-04-30,Shipped,Amazon,Blouse,1,419,TELANGANA
403-3797724-0896348,2022-04-30,Shipped,Amazon,Set,1,654,MAHARASHTRA
407-3778695-8884327,2022-04-30,Shipped,Amazon,Western Dress,1,744,KARNATAKA
402-6454286-3321909,2022-04-30,Shipped - Delivered to Buyer,Merchant,kurta,1,399,WEST BENGAL
402-9138974-2250726,2022-04-30,Shipped,Amazon,kurta,1,452,WEST BENGAL
402-9138974-2250726,2022-04-30,Shipped,Amazon,kurta,1,499,WEST BENGAL
408-4193711-8156307,2022-04-30,Shipped - Delivered to Buyer,Merchant,Blouse,1,0,ASSAM
404-5546156-4947565,2022-04-30,Shipped - Delivered to Buyer,Merchant,kurta,1,471,Gujarat
408-0902233-8069950,2022-04-30,Shipped - Returned to Seller,Merchant,kurta,1,0,KARNATAKA
171-7821391-2118700,2022-04-30,Shipped,Amazon,kurta,1,431,KERALA
171-3764328-7297105,2022-04-30,Shipped,Amazon,kurta,1,511,KERALA
406-5700980-4110708,2022-04-30,Shipped,Amazon,Set,1,1463,TAMIL NADU
406-4317049-7021127,2022-04-30,Shipped,Amazon,kurta,1,517,UTTAR PRADESH
408-0738576-5377963,2022-04-30,Shipped,Amazon,kurta,1,399,TELANGANA
171-6112262-4294731,2022-04-30,Cancelled,Amazon,kurta,0,,KERALA
402-0069978-7444377,2022-04-30,Shipped - Delivered to Buyer,Merchant,kurta,1,399,TELANGANA
407-6451607-8520320,2022-04-30,Shipped,Amazon,Set,1,788,DELHI
407-6825420-7253915,2022-04-30,Cancelled,Merchant,Top,0,493.33,MAHARASHTRA
171-2497796-8649164,2022-04-30,Shipped,Amazon,Set,1,597,TELANGANA
405-3921640-0927553,2022-04-30,Shipped - Delivered to Buyer,Merchant,Set,1,666,MAHARASHTRA
402-8291421-3780342,2022-04-30,Shipped,Amazon,Set,1,1112,JHARKHAND
402-8291421-3780342,2022-04-30,Shipped,Amazon,Set,1,696,JHARKHAND
407-4549939-3485945,2022-04-30,Shipped,Amazon,Set,1,499,MAHARASHTRA
403-3597087-4521139,2022-04-30,Shipped,Amazon,kurta,1,414,KARNATAKA
171-9016873-6719541,2022-04-30,Shipped,Amazon,Set,1,1099,UTTAR PRADESH
171-3693730-4530754,2022-04-30,Cancelled,Amazon,Set,0,,WEST BENGAL
404-0541321-3023502,2022-04-30,Shipped,Amazon,Set,1,653,MAHARASHTRA
402-1600884-0332308,2022-04-30,Shipped,Amazon,kurta,1,352,ODISHA
402-0229417-2609936,2022-04-30,Shipped,Amazon,Western Dress,1,744,KARNATAKA
403-0131049-2132337,2022-04-30,Shipped,Amazon,kurta,1,399,DELHI
171-4573948-3966741,2022-04-30,Shipped,Amazon,Set,1,1438,BIHAR
171-0211853-1251554,2022-04-30,Shipped - Delivered to Buyer,Merchant,Set,1,1173,BIHAR
404-3699924-2837921,2022-04-30,Shipped - Delivered to Buyer,Merchant,kurta,1,459,KARNATAKA
405-0457160-2123517,2022-04-30,Shipped,Amazon,Set,1,922,TAMIL NADU
408-6862973-4520309,2022-04-30,Shipped,Amazon,Set,1,653,MAHARASHTRA
171-7679971-0310752,2022-04-30,Cancelled,Amazon,kurta,1,363,TELANGANA
171-3669717-3172330,2022-04-30,Shipped,Amazon,kurta,1,499,RAJASTHAN
403-9724686-7777903,2022-04-30,Shipped,Amazon,kurta,1,486,Gujarat
403-8306900-1833930,2022-04-30,Shipped - Delivered to Buyer,Merchant,kurta,1,692,Gujarat
403-1962150-0618711,2022-04-30,Shipped,Amazon,kurta,1,295,TAMIL NADU
403-1632972-2861963,2022-04-30,Shipped - Delivered to Buyer,Merchant,kurta,1,363,TAMIL NADU
403-9533906-1728355,2022-04-30,Shipped,Amazon,kurta,1,399,PUNJAB
171-1269122-8425943,2022-04-30,Shipped,Amazon,Set,1,950,ANDHRA PRADESH
171-2937341-8703561,2022-04-30,Shipped,Amazon,kurta,1,399,KERALA
406-5206188-8892351,2022-04-30,Shipped,Amazon,Western Dress,1,625,ANDHRA PRADESH
405-5228379-1065951,2022-04-30,Shipped,Amazon,Set,1,1115,WEST BENGAL
406-3236326-4964331,2022-04-30,Shipped - Delivered to Buyer,Merchant,kurta,1,666,MAHARASHTRA
408-3364449-3401947,2022-04-30,Cancelled,Amazon,Set,0,,MAHARASHTRA
402-7682157-9147503,2022-04-30,Shipped - Delivered to Buyer,Merchant,Set,1,696,TELANGANA
405-1515003-2007535,2022-04-30,Shipped,Amazon,Top,1,519,TELANGANA
408-8569813-9288333,2022-04-30,Shipped - Delivered to Buyer,Merchant,Set,1,1199,MADHYA PRADESH
404-0867714-0772302,2022-04-30,Shipped,Amazon,Set,1,563,TAMIL NADU
404-0867714-0772302,2022-04-30,Shipped,Amazon,kurta,1,399,TAMIL NADU
404-0867714-0772302,2022-04-30,Shipped,Amazon,kurta,1,487,TAMIL NADU
402-1704468-7240327,2022-04-30,Shipped - Delivered to Buyer,Merchant,kurta,1,568,TAMIL NADU
406-5757669-2996307,2022-04-30,Shipped,Amazon,kurta,1,399,MAHARASHTRA
407-1492215-2982709,2022-04-30,Shipped,Amazon,kurta,1,291,DELHI
171-2119982-7294757,2022-04-30,Shipped,Amazon,Western Dress,1,744,UTTAR PRADESH
407-1684475-5197113,2022-04-30,Shipped,Amazon,Set,1,696,MAHARASHTRA
404-4568279-0273125,2022-04-30,Shipped,Amazon,Top,1,463,HARYANA
403-9752008-2541919,2022-04-30,Cancelled,Merchant,Top,0,469.52,MAHARASHTRA
403-3896686-3972343,2022-04-30,Shipped,Amazon,Top,1,339,MAHARASHTRA
408-5238024-3207538,2022-04-30,Shipped - Delivered to Buyer,Merchant,Set,1,680,TELANGANA
403-9336057-8075519,2022-04-30,Shipped,Amazon,Set,1,759,HARYANA
406-6070472-3313109,2022-04-30,Shipped,Amazon,Set,1,626,KERALA
407-0828621-5564309,2022-04-30,Shipped - Delivered to Buyer,Merchant,kurta,1,399,UTTARAKHAND
402-7281943-2634753,2022-04-30,Shipped,Amazon,Top,1,599,MAHARASHTRA
408-3364643-8111517,2022-04-30,Shipped,Amazon,kurta,1,399,DELHI
402-9327280-6831502,2022-04-30,Shipped,Amazon,Set,1,599,KARNATAKA
405-8803159-2662729,2022-04-30,Shipped,Amazon,kurta,1,291,KARNATAKA
405-8803159-2662729,2022-04-30,Shipped,Amazon,kurta,1,276,KARNATAKA
405-8803159-2662729,2022-04-30,Shipped,Amazon,Set,1,626,KARNATAKA
405-8803159-2662729,2022-04-30,Shipped,Amazon,kurta,1,283,KARNATAKA
405-3441275-4039543,2022-04-30,Shipped - Delivered to Buyer,Merchant,Western Dress,1,725,KARNATAKA
405-3441275-4039543,2022-04-30,Shipped - Delivered to Buyer,Merchant,kurta,1,295,KARNATAKA
406-2890663-9523509,2022-04-30,Shipped,Amazon,kurta,1,518,KARNATAKA
402-1430516-9436331,2022-04-30,Shipped,Amazon,kurta,1,399,UTTAR PRADESH
171-7949350-6828319,2022-04-30,Shipped,Amazon,Set,1,852,TAMIL NADU
171-2964083-5815566,2022-04-30,Shipped,Amazon,Set,1,568,UTTAR PRADESH
406-9789934-2845967,2022-04-30,Shipped,Amazon,Western Dress,1,771,TELANGANA
405-9399780-0313164,2022-04-30,Shipped,Amazon,Set,1,1669,UTTAR PRADESH
404-9635079-7600310,2022-04-30,Shipped,Amazon,Top,1,540,JHARKHAND
171-6983189-6050757,2022-04-30,Shipped,Amazon,Set,1,1112,ASSAM
171-6983189-6050757,2022-04-30,Shipped,Amazon,kurta,1,518,ASSAM
171-3884714-3945906,2022-04-30,Shipped,Amazon,Set,1,1115,MAHARASHTRA
171-3884714-3945906,2022-04-30,Shipped,Amazon,Set,1,1112,MAHARASHTRA
171-3884714-3945906,2022-04-30,Shipped,Amazon,kurta,1,399,MAHARASHTRA
405-1693679-3068331,2022-04-30,Shipped,Amazon,kurta,1,476,KERALA
402-4804971-8591532,2022-04-30,Shipped - Delivered to Buyer,Merchant,kurta,1,499,DELHI
402-4804971-8591532,2022-04-30,Shipped - Delivered to Buyer,Merchant,Top,1,518,DELHI
405-1597244-8205967,2022-04-30,Shipped,Amazon,kurta,1,486,DELHI
403-9610979-2949958,2022-04-30,Shipped,Amazon,kurta,1,399,WEST BENGAL
405-1911317-3604322,2022-04-30,Shipped,Amazon,Set,1,1260,MANIPUR
404-7251284-9387528,2022-04-30,Shipped,Amazon,Top,1,399,UTTAR PRADESH
403-4512253-4789948,2022-04-30,Shipped,Amazon,Set,1,852,ANDHRA PRADESH
408-1348466-1321955,2022-04-30,Cancelled,Merchant,kurta,0,,KARNATAKA
171-0490216-5028364,2022-04-30,Shipped,Amazon,kurta,1,487,KERALA
406-5421335-3440327,2022-04-30,Cancelled,Amazon,Set,0,,UTTAR PRADESH
405-6836135-6312327,2022-04-30,Shipped - Delivered to Buyer,Merchant,Western Dress,1,413,MAHARASHTRA
171-0689935-4850722,2022-04-30,Shipped,Amazon,Set,1,788,WEST BENGAL
403-9835374-1565102,2022-04-30,Shipped - Delivered to Buyer,Merchant,Set,1,1186,WEST BENGAL
403-8625708-2309901,2022-04-30,Shipped,Amazon,Top,1,396,WEST BENGAL
403-6616419-0658741,2022-04-30,Cancelled,Merchant,kurta,0,659.05,MAHARASHTRA
171-5550949-7914705,2022-04-30,Shipped,Amazon,Set,1,653,KERALA
408-9407260-0749114,2022-04-30,Shipped,Amazon,kurta,1,0,PUDUCHERRY
408-4453138-1209128,2022-04-30,Shipped,Amazon,kurta,1,458,DELHI
402-4934568-7802706,2022-04-30,Shipped,Amazon,kurta,1,487,WEST BENGAL
405-9862364-7636347,2022-04-30,Shipped,Amazon,Set,1,597,KARNATAKA
405-7713713-9002732,2022-04-30,Shipped,Amazon,Set,1,761,KARNATAKA
405-7713713-9002732,2022-04-30,Shipped,Amazon,Set,1,835,KARNATAKA
406-8536478-4581952,2022-04-30,Shipped - Returned to Seller,Merchant,Top,1,518,ODISHA
407-0533151-5470709,2022-04-30,Cancelled,Amazon,kurta,0,,ODISHA
404-6783850-0597940,2022-04-30,Shipped,Amazon,Western Dress,1,721,UTTAR PRADESH
407-3030317-4521947,2022-04-30,Shipped,Amazon,kurta,1,458,KARNATAKA
402-0093786-0156303,2022-04-30,Shipped,Amazon,Set,1,666,MAHARASHTRA
171-3705534-0250736,2022-04-30,Shipped,Amazon,kurta,1,399,BIHAR
408-9408562-5254749,2022-04-30,Shipped - Delivered to Buyer,Merchant,Set,1,1099,WEST BENGAL
403-4739886-5496325,2022-04-30,Shipped,Amazon,kurta,1,353,KERALA
171-9312177-9903551,2022-04-30,Shipped,Amazon,kurta,1,399,MAHARASHTRA
171-3255381-0489121,2022-04-30,Shipped - Delivered to Buyer,Merchant,kurta,1,534,MAHARASHTRA
408-4584840-2787538,2022-04-30,Cancelled,Merchant,Set,0,981.25,DELHI
408-5118229-6373917,2022-04-30,Shipped,Amazon,kurta,1,0,TELANGANA
403-0707216-6170737,2022-04-30,Shipped,Amazon,Set,1,657,UTTAR PRADESH
403-3258819-8018763,2022-04-30,Shipped,Amazon,Set,1,626,DELHI
408-2491878-4865146,2022-04-30,Cancelled,Merchant,Set,0,981.25,WEST BENGAL
405-7190860-0329952,2022-04-30,Shipped,Amazon,Western Dress,1,899,WEST BENGAL
402-0164950-5496362,2022-04-30,Cancelled,Amazon,Set,0,,TAMIL NADU
404-3821323-1636305,2022-04-30,Shipped,Amazon,Set,1,597,TAMIL NADU
408-3649698-8803541,2022-04-30,Shipped,Amazon,Set,1,1099,HARYANA
405-3694403-2551528,2022-04-30,Shipped,Amazon,Set,1,788,MAHARASHTRA
405-6593194-1742748,2022-04-30,Shipped,Amazon,kurta,1,459,PUNJAB
403-7086967-7558701,2022-04-30,Shipped,Amazon,Set,1,1186,Gujarat
171-5927080-9153924,2022-04-30,Cancelled,Amazon,Set,1,626,TAMIL NADU
406-5651070-7367520,2022-04-30,Cancelled,Amazon,Western Dress,0,,TELANGANA
405-1952513-5416327,2022-04-30,Cancelled,Amazon,kurta,0,,PUNJAB
406-8112035-0609144,2022-04-30,Shipped,Amazon,kurta,1,329,RAJASTHAN
407-6114533-2816312,2022-04-30,Shipped - Delivered to Buyer,Merchant,kurta,1,280,KARNATAKA
407-6002733-2903540,2022-04-30,Shipped,Amazon,kurta,1,249,KARNATAKA
403-1068845-1092310,2022-04-30,Shipped,Amazon,Set,1,818,UTTAR PRADESH
407-3001310-2482707,2022-04-30,Shipped,Amazon,kurta,1,429,KERALA
407-3001310-2482707,2022-04-30,Shipped,Amazon,kurta,1,458,KERALA
402-9024954-3597923,2022-04-30,Cancelled,Amazon,Western Dress,0,,TELANGANA
404-6763777-8680366,2022-04-30,Shipped - Delivered to Buyer,Merchant,kurta,1,475,MAHARASHTRA
405-6167247-7769908,2022-04-30,Shipped,Amazon,Set,1,788,JHARKHAND
404-3190952-7345128,2022-04-30,Shipped,Amazon,Western Dress,1,744,KARNATAKA
407-4179560-9885921,2022-04-30,Shipped,Amazon,kurta,1,458,HARYANA
405-4515494-3244302,2022-04-30,Shipped,Amazon,kurta,1,505,TAMIL NADU
404-0812833-5129124,2022-04-30,Shipped,Amazon,Set,1,1186,JAMMU & KASHMIR
403-9928712-6587519,2022-04-30,Shipped,Amazon,Set,1,597,RAJASTHAN
404-5314568-1043519,2022-04-30,Shipped,Amazon,Top,1,463,HARYANA
402-8207665-7247536,2022-04-30,Shipped,Amazon,kurta,1,471,TELANGANA
403-3814019-1141952,2022-04-30,Shipped,Amazon,Set,1,626,Gujarat
403-5049239-4135545,2022-04-30,Shipped,Amazon,kurta,1,399,JHARKHAND
405-6344744-8777959,2022-04-30,Shipped,Amazon,Set,1,788,KARNATAKA
405-0654626-6276321,2022-04-30,Shipped,Amazon,Top,1,751,PUNJAB
403-9647049-8100304,2022-04-30,Cancelled,Amazon,kurta,1,368,UTTAR PRADESH
407-3546546-1957155,2022-04-30,Shipped,Amazon,Western Dress,1,744,TELANGANA
404-4807357-2693108,2022-04-30,Shipped,Amazon,kurta,1,399,MAHARASHTRA
404-4911741-3341902,2022-04-30,Shipped,Amazon,kurta,1,475,TAMIL NADU
404-1580706-8406729,2022-04-30,Shipped,Amazon,kurta,1,475,TAMIL NADU
404-6525036-6681154,2022-04-30,Shipped,Amazon,kurta,1,521,JHARKHAND
408-6862949-2369917,2022-04-30,Shipped,Amazon,Western Dress,1,721,BIHAR
403-4522038-5418732,2022-04-30,Shipped,Amazon,Set,1,788,KARNATAKA
405-9510649-7934734,2022-04-30,Shipped,Amazon,kurta,1,486,KARNATAKA
408-2170248-9556321,2022-04-30,Shipped,Amazon,Set,1,597,ASSAM
171-1747399-1165911,2022-04-30,Shipped,Amazon,Western Dress,1,744,ASSAM
408-1752203-1767518,2022-04-30,Shipped,Amazon,Set,1,939,KARNATAKA
402-6953218-8797919,2022-04-30,Shipped,Amazon,kurta,1,517,JHARKHAND
407-3644990-7729144,2022-04-30,Shipped - Delivered to Buyer,Merchant,Western Dress,1,744,TAMIL NADU
406-9906656-5128304,2022-04-30,Cancelled,Amazon,kurta,0,,UTTAR PRADESH
171-8345794-3569957,2022-04-30,Shipped,Amazon,kurta,1,533,ODISHA
403-9545828-0603523,2022-04-30,Shipped,Amazon,Set,1,563,DELHI
408-8140052-8753913,2022-04-30,Shipped,Amazon,kurta,1,549,KARNATAKA
406-7221225-8921144,2022-04-30,Shipped - Delivered to Buyer,Merchant,Set,1,626,MAHARASHTRA
406-4803324-2221109,2022-04-30,Shipped,Amazon,Set,1,1099,MAHARASHTRA
407-5470882-4765942,2022-04-30,Cancelled,Merchant,Western Dress,0,,TAMIL NADU
403-0373263-7181928,2022-04-30,Shipped,Amazon,Set,1,696,TELANGANA
405-3139781-4240349,2022-04-30,Shipped,Amazon,Set,1,1432,Gujarat
404-4771108-9660348,2022-04-30,Shipped,Amazon,kurta,1,432,TAMIL NADU
407-4616863-5212363,2022-04-30,Shipped,Amazon,Set,1,1338,ASSAM
405-5863149-6577918,2022-04-30,Shipped,Amazon,Set,1,597,KARNATAKA
405-5863149-6577918,2022-04-30,Shipped,Amazon,Set,1,888,KARNATAKA
406-7524766-1454768,2022-04-30,Shipped,Amazon,Set,1,1033,TELANGANA
408-6818789-4965132,2022-04-30,Shipped,Amazon,kurta,1,376,ASSAM
402-1038454-4297969,2022-04-30,Shipped,Amazon,Western Dress,1,885,UTTAR PRADESH
408-8100357-3585904,2022-04-30,Shipped,Amazon,kurta,1,635,ODISHA
402-4372312-4448367,2022-04-30,Cancelled,Amazon,Set,1,597,MADHYA PRADESH
406-3745473-8633147,2022-04-30,Shipped,Amazon,kurta,1,563,MAHARASHTRA
403-1140011-7398736,2022-04-30,Shipped,Amazon,kurta,1,499,BIHAR
403-1140011-7398736,2022-04-30,Shipped,Amazon,kurta,1,549,BIHAR
403-1140011-7398736,2022-04-30,Shipped,Amazon,kurta,1,549,BIHAR
403-1140011-7398736,2022-04-30,Shipped,Amazon,kurta,1,452,BIHAR
171-2789156-5817163,2022-04-30,Shipped - Delivered to Buyer,Merchant,kurta,1,449,RAJASTHAN
404-9605291-9790766,2022-04-30,Shipped,Amazon,kurta,1,685,UTTAR PRADESH
408-9259634-7565152,2022-04-30,Shipped - Delivered to Buyer,Merchant,Top,1,391,KERALA
171-2120512-6643534,2022-04-30,Shipped - Delivered to Buyer,Merchant,kurta,1,399,ANDHRA PRADESH
408-7767023-9733103,2022-04-30,Shipped,Amazon,Set,1,597,KARNATAKA
402-6159360-3192305,2022-04-30,Shipped - Delivered to Buyer,Merchant,kurta,1,249,TAMIL NADU
406-4919920-0965963,2022-04-30,Shipped - Delivered to Buyer,Merchant,Set,1,1099,MAHARASHTRA
402-5821417-6985934,2022-04-30,Shipped,Amazon,Set,1,1099,WEST BENGAL
406-7489606-3781934,2022-04-30,Shipped,Amazon,kurta,1,499,KARNATAKA
408-4543593-8672326,2022-04-30,Shipped,Amazon,Western Dress,1,744,WEST BENGAL
404-3628070-0647500,2022-04-30,Cancelled,Merchant,kurta,0,399.05,TAMIL NADU
404-3628070-0647500,2022-04-30,Cancelled,Merchant,kurta,0,463.81,TAMIL NADU
404-0691443-7069131,2022-04-30,Shipped,Amazon,kurta,1,432,TAMIL NADU
403-0467296-2575536,2022-04-30,Shipped,Amazon,Top,1,463,WEST BENGAL
408-3531277-4885962,2022-04-30,Cancelled,Amazon,Top,0,,KERALA
408-6069754-7397924,2022-04-30,Shipped,Amazon,kurta,1,0,BIHAR
408-0391714-9281921,2022-04-30,Cancelled,Merchant,Western Dress,0,,MAHARASHTRA
408-3692922-9946738,2022-04-30,Shipped,Amazon,Western Dress,1,665,MAHARASHTRA
171-7935921-7575568,2022-04-30,Shipped,Amazon,Set,1,563,NAGALAND
408-2026538-7845958,2022-04-30,Shipped,Amazon,kurta,1,399,PUNJAB
403-2026715-3949910,2022-04-30,Shipped,Amazon,Set,1,968,UTTAR PRADESH
404-4599488-8213952,2022-04-30,Shipped - Delivered to Buyer,Merchant,kurta,1,474,KARNATAKA
S02-5278980-4327051,2022-04-30,Shipped,Amazon,Blouse,15,,Gujarat
171-5599779-6322751,2022-04-30,Cancelled,Merchant,kurta,0,659.05,MAHARASHTRA
171-2550230-3805124,2022-04-30,Shipped - Delivered to Buyer,Merchant,Top,1,413,MAHARASHTRA
402-5852450-2129941,2022-04-30,Shipped - Delivered to Buyer,Merchant,kurta,1,495,TAMIL NADU
405-3054995-4312360,2022-04-30,Shipped - Delivered to Buyer,Merchant,kurta,1,459,KARNATAKA
407-2538775-7502719,2022-04-30,Shipped,Amazon,kurta,1,486,MAHARASHTRA
406-1981446-7471514,2022-04-30,Shipped - Delivered to Buyer,Merchant,Set,1,1238,DELHI
408-4235910-6012362,2022-04-30,Shipped,Amazon,Set,1,801,GOA
171-9839922-3832357,2022-04-30,Shipped,Amazon,kurta,1,527,MAHARASHTRA
405-9808686-6294763,2022-04-30,Shipped,Amazon,Top,1,493,Gujarat
408-8489677-5577933,2022-04-30,Shipped - Delivered to Buyer,Merchant,kurta,1,0,UTTAR PRADESH
402-5550488-9916304,2022-04-30,Cancelled,Merchant,kurta,0,280.95,TELANGANA
408-6369127-2887567,2022-04-30,Shipped,Amazon,Set,1,788,MAHARASHTRA
171-0113406-2293163,2022-04-30,Cancelled,Amazon,Set,1,626,UTTAR PRADESH
403-8565647-0953102,2022-04-30,Shipped,Amazon,kurta,1,376,ASSAM
406-9957971-2569147,2022-04-30,Shipped,Amazon,kurta,1,471,MAHARASHTRA
406-1092108-2639512,2022-04-30,Shipped,Amazon,kurta,1,399,Gujarat
402-3270101-7657904,2022-04-30,Cancelled,Merchant,kurta,0,452.38,TAMIL NADU
402-7078622-5609155,2022-04-30,Shipped - Delivered to Buyer,Merchant,Set,1,1432,KERALA
171-7678731-3568339,2022-04-30,Cancelled,Amazon,Set,0,,KARNATAKA
408-7206307-2384358,2022-04-30,Shipped - Delivered to Buyer,Merchant,Western Dress,1,725,KERALA
407-5830946-0458753,2022-04-30,Shipped,Amazon,kurta,1,499,MAHARASHTRA
171-3016563-0593956,2022-04-30,Shipped,Amazon,kurta,1,471,DELHI
404-3252605-4011545,2022-04-30,Cancelled,Amazon,kurta,0,,MAHARASHTRA
171-1148440-5117161,2022-04-30,Cancelled,Amazon,Set,1,449,MAHARASHTRA
171-7636697-5689908,2022-04-30,Shipped,Amazon,Set,1,684,MADHYA PRADESH
408-1336273-5938748,2022-04-30,Shipped,Amazon,Top,1,545,PUNJAB
406-3815399-6450709,2022-04-30,Shipped,Amazon,Top,1,545,RAJASTHAN
171-9638653-2292340,2022-04-30,Shipped,Amazon,Blouse,1,419,UTTAR PRADESH
403-7879236-4794741,2022-04-30,Cancelled,Amazon,kurta,0,,ASSAM
406-4110471-9710751,2022-04-30,Shipped,Amazon,Set,1,696,KARNATAKA
408-5598612-8613920,2022-04-30,Cancelled,Amazon,Top,0,,PUNJAB
404-3475672-0623516,2022-04-30,Cancelled,Amazon,Set,0,,UTTARAKHAND
403-0708193-0609948,2022-04-30,Shipped,Amazon,kurta,1,399,MAHARASHTRA
402-6638943-7023558,2022-04-30,Shipped - Returned to Seller,Merchant,Set,1,613,DELHI
405-1047044-2461167,2022-04-30,Shipped,Amazon,Set,1,654,KARNATAKA
403-4121872-9661935,2022-04-30,Shipped,Amazon,Top,1,487,DELHI
407-0341499-2477170,2022-04-30,Shipped,Amazon,Western Dress,1,744,TELANGANA
402-7081372-1053905,2022-04-30,Shipped - Delivered to Buyer,Merchant,kurta,1,499,MAHARASHTRA
402-7081372-1053905,2022-04-30,Shipped - Delivered to Buyer,Merchant,kurta,1,499,MAHARASHTRA
403-8349155-2308363,2022-04-30,Shipped,Amazon,kurta,1,406,TELANGANA
403-8349155-2308363,2022-04-30,Shipped,Amazon,Set,1,737,TELANGANA
403-3794902-2627533,2022-04-30,Shipped,Amazon,Set,1,648,TELANGANA
403-8342497-0727510,2022-04-30,Shipped - Delivered to Buyer,Merchant,Ethnic Dress,1,783,TELANGANA
403-5686295-0611519,2022-04-30,Shipped,Amazon,Western Dress,1,744,TELANGANA
404-9773937-7060345,2022-04-30,Shipped,Amazon,Western Dress,1,744,TAMIL NADU
407-3205298-5473103,2022-04-30,Shipped - Delivered to Buyer,Merchant,Set,1,653,TAMIL NADU
403-3741687-4048344,2022-04-30,Shipped,Amazon,Set,1,788,MAHARASHTRA
406-4889947-7806746,2022-04-30,Shipped,Amazon,Set,1,1221,TELANGANA
408-2548158-8811519,2022-04-30,Shipped - Delivered to Buyer,Merchant,Set,1,0,KARNATAKA
402-4612397-6796307,2022-04-30,Shipped,Amazon,Set,1,1112,HARYANA
402-2375582-5673132,2022-04-30,Shipped - Delivered to Buyer,Merchant,Set,1,1186,HARYANA
402-7355260-1275513,2022-04-30,Shipped - Delivered to Buyer,Merchant,kurta,1,362,TELANGANA
171-6613108-2363511,2022-04-30,Shipped,Amazon,kurta,1,432,TAMIL NADU
406-5961574-4441901,2022-04-30,Shipped,Amazon,Set,1,597,TELANGANA
404-9326488-7546742,2022-04-30,Shipped,Amazon,Set,1,654,BIHAR
403-1691463-7067522,2022-04-30,Shipped,Amazon,Top,1,518,MAHARASHTRA
171-1293566-4097166,2022-04-30,Shipped,Amazon,Set,1,626,TAMIL NADU
404-6513417-3841113,2022-04-30,Shipped,Amazon,Set,1,761,TELANGANA
408-7484954-7860326,2022-04-30,Shipped,Amazon,Set,1,1186,TELANGANA
408-0027611-3047556,2022-04-30,Shipped - Delivered to Buyer,Merchant,Set,1,1186,TELANGANA
408-0027611-3047556,2022-04-30,Shipped - Delivered to Buyer,Merchant,Set,1,1213,TELANGANA
